file_a,file_b,cochange_count,jaccard
scripts/audit/audit-drift.ts,src/pages/sitemap.xml.ts,2,0.500000
src/pages/api/checkout.ts,src/pages/api/staff/orders/[id]/confirm.ts,3,0.142857
package.json,src/middleware.ts,11,0.379310
package.json,src/pages/api/staff/orders/create.ts,7,0.218750
package.json,src/pages/buy-now/[slug].astro,2,0.066667
src/middleware.ts,src/pages/api/staff/orders/create.ts,5,0.227273
README.md,src/pages/api/checkout.ts,4,0.173913
README.md,src/pages/api/staff/uploads.ts,2,0.142857
README.md,src/queues/consumers.ts,2,0.100000
db/migrations/0033_direct_checkout_activity.sql,src/lib/cart-store.ts,2,0.666667
db/migrations/0033_direct_checkout_activity.sql,src/lib/integrations/uddoktapay/client.ts,2,0.500000
src/do/variant-inventory-do.ts,src/lib/do-client.ts,4,0.400000
src/do/variant-inventory-do.ts,src/lib/integrations/uddoktapay/client.ts,2,0.222222
src/do/variant-inventory-do.ts,src/lib/queue-publisher.ts,2,0.285714
src/do/variant-inventory-do.ts,src/pages/api/checkout.ts,3,0.142857
src/do/variant-inventory-do.ts,src/pages/api/staff/uploads.ts,3,0.300000
src/do/variant-inventory-do.ts,src/queues/consumers.ts,5,0.357143
src/lib/cart-store.ts,src/lib/integrations/uddoktapay/client.ts,2,0.400000
src/lib/cart-store.ts,src/pages/api/buy-now/submit.ts,2,0.285714
src/lib/cart-store.ts,src/pages/api/cart/index.ts,2,0.666667
src/lib/cart-store.ts,src/pages/api/checkout.ts,2,0.111111
src/lib/contracts/variant-inventory-do.ts,src/lib/do-client.ts,2,0.285714
src/lib/contracts/variant-inventory-do.ts,src/pages/api/buy-now/submit.ts,2,0.333333
src/lib/contracts/variant-inventory-do.ts,src/pages/api/checkout.ts,2,0.117647
src/lib/contracts/variant-inventory-do.ts,src/queues/consumers.ts,2,0.166667
src/lib/do-client.ts,src/lib/queue-publisher.ts,2,0.285714
src/lib/do-client.ts,src/pages/api/buy-now/submit.ts,3,0.300000
src/lib/do-client.ts,src/pages/api/checkout.ts,6,0.333333
src/lib/do-client.ts,src/pages/api/staff/uploads.ts,2,0.181818
src/lib/do-client.ts,src/queues/consumers.ts,7,0.583333
src/lib/integrations/uddoktapay/client.ts,src/pages/api/buy-now/submit.ts,2,0.250000
src/lib/integrations/uddoktapay/client.ts,src/pages/api/staff/uploads.ts,2,0.250000
src/lib/integrations/uddoktapay/client.ts,src/queues/consumers.ts,2,0.142857
src/lib/queue-publisher.ts,src/pages/api/checkout.ts,2,0.117647
src/lib/queue-publisher.ts,src/queues/consumers.ts,2,0.166667
src/pages/api/buy-now/submit.ts,src/pages/api/cart/index.ts,2,0.333333
src/pages/api/buy-now/submit.ts,src/pages/api/checkout.ts,5,0.277778
src/pages/api/buy-now/submit.ts,src/queues/consumers.ts,3,0.200000
src/pages/api/cart/index.ts,src/pages/api/checkout.ts,2,0.117647
src/pages/api/checkout.ts,src/pages/api/staff/uploads.ts,2,0.095238
src/pages/api/checkout.ts,src/queues/consumers.ts,7,0.318182
src/pages/api/staff/uploads.ts,src/queues/consumers.ts,3,0.200000
src/lib/integrations/payments/index.ts,src/lib/integrations/sslcommerz/client.ts,2,0.666667
src/lib/integrations/uddoktapay/client.ts,src/lib/integrations/uddoktapay/types.ts,2,0.500000
src/do/budget-counter-do.ts,src/pages/api/buy-now/submit.ts,2,0.222222
src/do/budget-counter-do.ts,src/pages/api/checkout.ts,2,0.100000
src/pages/api/buy-now/submit.ts,src/pages/api/payments/create.ts,2,0.200000
src/pages/api/buy-now/submit.ts,src/pages/staff/login.astro,2,0.181818
src/pages/api/checkout.ts,src/pages/api/payments/create.ts,4,0.210526
src/pages/api/checkout.ts,src/pages/staff/login.astro,2,0.090909
src/do/variant-inventory-do.ts,src/generated/csp-hashes.ts,2,0.153846
src/islands/BuyNowLandingForm.tsx,src/pages/api/buy-now/submit.ts,2,0.250000
src/islands/BuyNowLandingForm.tsx,src/pages/api/checkout.ts,2,0.105263
src/islands/BuyNowLandingForm.tsx,src/pages/buy-now/[slug].astro,4,0.666667
src/islands/GuestCheckout.tsx,src/pages/api/checkout.ts,4,0.222222
src/pages/api/buy-now/submit.ts,src/pages/buy-now/[slug].astro,2,0.200000
src/pages/api/checkout.ts,src/pages/buy-now/[slug].astro,2,0.095238
src/pages/checkout.astro,src/pages/staff/login.astro,2,0.285714
src/do/direct-checkout-session-do.ts,src/do/variant-inventory-do.ts,3,0.428571
src/do/direct-checkout-session-do.ts,src/lib/do-client.ts,2,0.250000
src/do/direct-checkout-session-do.ts,src/queues/consumers.ts,3,0.250000
src/do/direct-checkout-session-do.ts,wrangler.jsonc,2,0.153846
src/do/variant-inventory-do.ts,src/lib/maintenance/backup.ts,2,0.166667
src/do/variant-inventory-do.ts,wrangler.jsonc,3,0.187500
src/generated/csp-hashes.ts,src/lib/maintenance/backup.ts,2,0.153846
src/generated/csp-hashes.ts,wrangler.jsonc,2,0.111111
src/lib/do-client.ts,src/lib/maintenance/backup.ts,2,0.166667
src/lib/do-client.ts,wrangler.jsonc,6,0.461538
src/lib/maintenance/backup.ts,src/queues/consumers.ts,3,0.187500
src/lib/maintenance/backup.ts,wrangler.jsonc,2,0.117647
src/queues/consumers.ts,wrangler.jsonc,6,0.333333
src/lib/email-provider.ts,src/lib/payment-provider.ts,2,1.000000
src/lib/email.ts,src/lib/maintenance/backup.ts,2,0.222222
package.json,src/generated/csp-hashes.ts,2,0.062500
package.json,src/layouts/RootLayout.astro,2,0.068966
package.json,tests/master-plan-v7-guardrails.test.ts,2,0.068966
src/layouts/RootLayout.astro,src/lib/integrations/sslcommerz/client.ts,2,0.333333
Zabir_Boutiques_Master_Plan.md,src/env.d.ts,2,0.125000
src/env.d.ts,src/pages/staff/packing/courier.astro,2,0.117647
src/env.d.ts,tests/master-plan-v7-guardrails.test.ts,2,0.117647
src/env.d.ts,tests/red-team-gaps.test.ts,2,0.142857
src/lib/integrations/courier/index.ts,src/lib/integrations/courier/pathao/index.ts,2,1.000000
src/lib/integrations/courier/index.ts,src/lib/integrations/courier/redx/index.ts,2,1.000000
src/lib/integrations/courier/index.ts,src/lib/integrations/courier/steadfast/index.ts,2,1.000000
src/lib/integrations/courier/index.ts,src/pages/staff/packing/courier.astro,2,0.400000
src/lib/integrations/courier/index.ts,tests/migration-fixtures.test.ts,2,0.666667
src/lib/integrations/courier/pathao/index.ts,src/lib/integrations/courier/redx/index.ts,2,1.000000
src/lib/integrations/courier/pathao/index.ts,src/lib/integrations/courier/steadfast/index.ts,2,1.000000
src/lib/integrations/courier/pathao/index.ts,src/pages/staff/packing/courier.astro,2,0.400000
src/lib/integrations/courier/pathao/index.ts,tests/migration-fixtures.test.ts,2,0.666667
src/lib/integrations/courier/redx/index.ts,src/lib/integrations/courier/steadfast/index.ts,2,1.000000
src/lib/integrations/courier/redx/index.ts,src/pages/staff/packing/courier.astro,2,0.400000
src/lib/integrations/courier/redx/index.ts,tests/migration-fixtures.test.ts,2,0.666667
src/lib/integrations/courier/steadfast/index.ts,src/pages/staff/packing/courier.astro,2,0.400000
src/lib/integrations/courier/steadfast/index.ts,tests/migration-fixtures.test.ts,2,0.666667
src/pages/staff/packing/courier.astro,tests/migration-fixtures.test.ts,2,0.333333
tests/master-plan-v7-guardrails.test.ts,tests/red-team-gaps.test.ts,2,0.400000
src/env.d.ts,src/lib/tinify.ts,2,0.117647
src/env.d.ts,src/pages/api/staff/login.ts,7,0.304348
src/env.d.ts,wrangler.jsonc,8,0.444444
src/lib/tinify.ts,wrangler.jsonc,2,0.133333
src/pages/api/staff/login.ts,src/pages/api/staff/totp/disable.ts,2,0.125000
src/pages/api/staff/login.ts,src/pages/api/staff/totp/verify.ts,2,0.117647
src/pages/api/staff/login.ts,src/pages/staff/settings/totp.astro,2,0.125000
src/pages/api/staff/login.ts,wrangler.jsonc,6,0.272727
src/pages/api/staff/totp/disable.ts,src/pages/api/staff/totp/verify.ts,2,0.666667
src/pages/api/staff/totp/disable.ts,src/pages/staff/settings/totp.astro,2,1.000000
src/pages/api/staff/totp/verify.ts,src/pages/staff/settings/totp.astro,2,0.666667
src/layouts/RootLayout.astro,src/pages/buy-now/[slug].astro,2,0.222222
src/lib/maintenance/reconciliation.ts,src/pages/api/payments/create.ts,2,0.222222
src/lib/integrations/deepseek/client.ts,src/lib/integrations/deepseek/types.ts,2,1.000000
src/lib/integrations/email/resend/client.ts,src/lib/integrations/email/resend/types.ts,2,1.000000
package.json,src/lib/staff-menu.ts,3,0.093750
package.json,src/pages/api/staff/login.ts,10,0.312500
package.json,src/pages/staff/login.astro,2,0.064516
src/lib/staff-menu.ts,src/pages/api/staff/login.ts,3,0.136364
src/lib/staff-menu.ts,src/pages/api/staff/totp/setup.ts,2,0.222222
src/lib/staff-menu.ts,src/pages/api/staff/totp/verify.ts,2,0.200000
src/lib/staff-menu.ts,src/pages/staff/login.astro,3,0.230769
src/pages/api/staff/login.ts,src/pages/staff/login.astro,3,0.150000
src/pages/api/staff/totp/setup.ts,src/pages/api/staff/totp/verify.ts,2,0.666667
FINAL_EXECUTION_REPORT.md,src/pages/staff/packing/courier.astro,2,0.222222
FINAL_EXECUTION_REPORT.md,tests/migration-fixtures.test.ts,2,0.285714
src/lib/staff-menu.ts,src/pages/api/staff/orders/[id]/label.ts,2,0.222222
src/lib/staff-menu.ts,src/pages/staff/packing/courier.astro,2,0.166667
src/lib/staff-menu.ts,tests/staff-menu.test.ts,5,0.555556
src/pages/staff/packing/courier.astro,tests/staff-menu.test.ts,2,0.250000
FINAL_EXECUTION_REPORT.md,GAP_FIX_LIST.md,5,0.833333
FINAL_EXECUTION_REPORT.md,src/do/provider-health-do.ts,2,0.285714
FINAL_EXECUTION_REPORT.md,src/queues/consumers.ts,4,0.285714
FINAL_EXECUTION_REPORT.md,tests/fraudbd-circuit-breaker.test.ts,2,0.333333
GAP_FIX_LIST.md,src/do/provider-health-do.ts,2,0.333333
GAP_FIX_LIST.md,src/queues/consumers.ts,4,0.307692
GAP_FIX_LIST.md,tests/fraudbd-circuit-breaker.test.ts,2,0.400000
scripts/apply-migrations.ts,src/queues/consumers.ts,2,0.166667
src/do/provider-health-do.ts,src/queues/consumers.ts,3,0.250000
src/queues/consumers.ts,tests/fraudbd-circuit-breaker.test.ts,2,0.166667
FINAL_EXECUTION_REPORT.md,src/lib/integrations/fraudbd/client.ts,2,0.333333
GAP_FIX_LIST.md,src/lib/integrations/fraudbd/client.ts,2,0.400000
package.json,src/pages/order-track.astro,2,0.074074
package.json,src/pages/orders.astro,2,0.076923
package.json,src/pages/staff/api-code/index.astro,4,0.133333
package.json,src/pages/staff/audit/index.astro,2,0.071429
package.json,src/pages/staff/backups/index.astro,3,0.103448
package.json,src/pages/staff/coupons/index.astro,3,0.107143
package.json,src/pages/staff/fraud/index.astro,2,0.068966
package.json,src/pages/staff/index.astro,4,0.133333
package.json,src/pages/staff/inventory/index.astro,2,0.071429
package.json,src/pages/staff/media-admin/index.astro,3,0.103448
package.json,src/pages/staff/orders/index.astro,2,0.071429
package.json,src/pages/staff/packing/courier.astro,2,0.068966
package.json,src/pages/staff/packing/index.astro,2,0.071429
package.json,src/pages/staff/packing/packed.astro,2,0.074074
package.json,src/pages/staff/packing/slips.astro,2,0.074074
package.json,src/pages/staff/products/index.astro,4,0.129032
package.json,src/pages/staff/roles/index.astro,3,0.111111
package.json,src/pages/staff/sales/index.astro,2,0.071429
package.json,src/pages/staff/sales/instore.astro,2,0.064516
package.json,src/pages/staff/sales/new.astro,2,0.066667
package.json,src/pages/staff/sales/notes.astro,2,0.074074
package.json,src/pages/staff/sales/orders.astro,2,0.071429
package.json,src/pages/staff/sales/pos-history.astro,2,0.074074
package.json,src/pages/staff/sales/pos.astro,2,0.074074
package.json,src/pages/staff/sales/search.astro,2,0.074074
package.json,src/pages/staff/settings/index.astro,3,0.103448
package.json,src/pages/staff/support/escalations.astro,2,0.074074
package.json,src/pages/staff/support/index.astro,2,0.068966
package.json,src/pages/staff/users/index.astro,3,0.103448
package.json,src/queues/consumers.ts,6,0.187500
src/pages/order-track.astro,src/pages/orders.astro,2,0.666667
src/pages/order-track.astro,src/pages/staff/index.astro,2,0.222222
src/pages/orders.astro,src/pages/staff/index.astro,2,0.250000
src/pages/staff/api-code/index.astro,src/pages/staff/audit/index.astro,4,0.500000
src/pages/staff/api-code/index.astro,src/pages/staff/backups/index.astro,5,0.555556
src/pages/staff/api-code/index.astro,src/pages/staff/coupons/index.astro,4,0.444444
src/pages/staff/api-code/index.astro,src/pages/staff/fraud/index.astro,5,0.625000
src/pages/staff/api-code/index.astro,src/pages/staff/index.astro,3,0.230769
src/pages/staff/api-code/index.astro,src/pages/staff/inventory/index.astro,4,0.500000
src/pages/staff/api-code/index.astro,src/pages/staff/media-admin/index.astro,5,0.555556
src/pages/staff/api-code/index.astro,src/pages/staff/media/index.astro,4,0.500000
src/pages/staff/api-code/index.astro,src/pages/staff/orders/index.astro,4,0.500000
src/pages/staff/api-code/index.astro,src/pages/staff/packing/courier.astro,2,0.181818
src/pages/staff/api-code/index.astro,src/pages/staff/packing/index.astro,4,0.500000
src/pages/staff/api-code/index.astro,src/pages/staff/packing/packed.astro,2,0.222222
src/pages/staff/api-code/index.astro,src/pages/staff/packing/slips.astro,2,0.222222
src/pages/staff/api-code/index.astro,src/pages/staff/products/index.astro,8,0.888889
src/pages/staff/api-code/index.astro,src/pages/staff/reports/index.astro,3,0.375000
src/pages/staff/api-code/index.astro,src/pages/staff/roles/index.astro,3,0.333333
src/pages/staff/api-code/index.astro,src/pages/staff/sales/index.astro,3,0.333333
src/pages/staff/api-code/index.astro,src/pages/staff/sales/instore.astro,2,0.153846
src/pages/staff/api-code/index.astro,src/pages/staff/sales/new.astro,5,0.555556
src/pages/staff/api-code/index.astro,src/pages/staff/sales/notes.astro,2,0.222222
src/pages/staff/api-code/index.astro,src/pages/staff/sales/orders.astro,3,0.333333
src/pages/staff/api-code/index.astro,src/pages/staff/sales/search.astro,2,0.222222
src/pages/staff/api-code/index.astro,src/pages/staff/settings/index.astro,6,0.750000
src/pages/staff/api-code/index.astro,src/pages/staff/support/escalations.astro,2,0.222222
src/pages/staff/api-code/index.astro,src/pages/staff/support/index.astro,5,0.625000
src/pages/staff/api-code/index.astro,src/pages/staff/support/search.astro,3,0.375000
src/pages/staff/api-code/index.astro,src/pages/staff/users/index.astro,6,0.750000
src/pages/staff/audit/index.astro,src/pages/staff/backups/index.astro,3,0.428571
src/pages/staff/audit/index.astro,src/pages/staff/coupons/index.astro,3,0.500000
src/pages/staff/audit/index.astro,src/pages/staff/fraud/index.astro,3,0.500000
src/pages/staff/audit/index.astro,src/pages/staff/index.astro,2,0.200000
src/pages/staff/audit/index.astro,src/pages/staff/inventory/index.astro,3,0.600000
src/pages/staff/audit/index.astro,src/pages/staff/media-admin/index.astro,3,0.428571
src/pages/staff/audit/index.astro,src/pages/staff/media/index.astro,2,0.333333
src/pages/staff/audit/index.astro,src/pages/staff/orders/index.astro,3,0.600000
src/pages/staff/audit/index.astro,src/pages/staff/packing/courier.astro,2,0.285714
src/pages/staff/audit/index.astro,src/pages/staff/packing/index.astro,4,1.000000
src/pages/staff/audit/index.astro,src/pages/staff/packing/packed.astro,2,0.400000
src/pages/staff/audit/index.astro,src/pages/staff/packing/slips.astro,2,0.400000
src/pages/staff/audit/index.astro,src/pages/staff/products/index.astro,4,0.444444
src/pages/staff/audit/index.astro,src/pages/staff/reports/index.astro,2,0.400000
src/pages/staff/audit/index.astro,src/pages/staff/roles/index.astro,2,0.333333
src/pages/staff/audit/index.astro,src/pages/staff/sales/index.astro,3,0.600000
src/pages/staff/audit/index.astro,src/pages/staff/sales/instore.astro,2,0.222222
src/pages/staff/audit/index.astro,src/pages/staff/sales/new.astro,2,0.250000
src/pages/staff/audit/index.astro,src/pages/staff/sales/notes.astro,2,0.400000
src/pages/staff/audit/index.astro,src/pages/staff/sales/orders.astro,3,0.600000
src/pages/staff/audit/index.astro,src/pages/staff/sales/search.astro,2,0.400000
src/pages/staff/audit/index.astro,src/pages/staff/settings/index.astro,4,0.666667
src/pages/staff/audit/index.astro,src/pages/staff/support/escalations.astro,2,0.400000
src/pages/staff/audit/index.astro,src/pages/staff/support/index.astro,4,0.800000
src/pages/staff/audit/index.astro,src/pages/staff/support/search.astro,2,0.400000
src/pages/staff/audit/index.astro,src/pages/staff/users/index.astro,4,0.666667
src/pages/staff/backups/index.astro,src/pages/staff/coupons/index.astro,3,0.375000
src/pages/staff/backups/index.astro,src/pages/staff/fraud/index.astro,3,0.375000
src/pages/staff/backups/index.astro,src/pages/staff/index.astro,3,0.272727
src/pages/staff/backups/index.astro,src/pages/staff/inventory/index.astro,3,0.428571
src/pages/staff/backups/index.astro,src/pages/staff/media-admin/index.astro,6,1.000000
src/pages/staff/backups/index.astro,src/pages/staff/media/index.astro,3,0.428571
src/pages/staff/backups/index.astro,src/pages/staff/orders/index.astro,3,0.428571
src/pages/staff/backups/index.astro,src/pages/staff/packing/courier.astro,3,0.375000
src/pages/staff/backups/index.astro,src/pages/staff/packing/index.astro,3,0.428571
src/pages/staff/backups/index.astro,src/pages/staff/packing/packed.astro,3,0.500000
src/pages/staff/backups/index.astro,src/pages/staff/packing/slips.astro,3,0.500000
src/pages/staff/backups/index.astro,src/pages/staff/products/index.astro,5,0.500000
src/pages/staff/backups/index.astro,src/pages/staff/reports/index.astro,3,0.500000
src/pages/staff/backups/index.astro,src/pages/staff/roles/index.astro,4,0.666667
src/pages/staff/backups/index.astro,src/pages/staff/sales/index.astro,3,0.428571
src/pages/staff/backups/index.astro,src/pages/staff/sales/instore.astro,3,0.300000
src/pages/staff/backups/index.astro,src/pages/staff/sales/new.astro,3,0.333333
src/pages/staff/backups/index.astro,src/pages/staff/sales/notes.astro,3,0.500000
src/pages/staff/backups/index.astro,src/pages/staff/sales/orders.astro,4,0.666667
src/pages/staff/backups/index.astro,src/pages/staff/sales/search.astro,3,0.500000
src/pages/staff/backups/index.astro,src/pages/staff/settings/index.astro,5,0.714286
src/pages/staff/backups/index.astro,src/pages/staff/support/escalations.astro,3,0.500000
src/pages/staff/backups/index.astro,src/pages/staff/support/index.astro,4,0.571429
src/pages/staff/backups/index.astro,src/pages/staff/support/search.astro,3,0.500000
src/pages/staff/backups/index.astro,src/pages/staff/users/index.astro,5,0.714286
src/pages/staff/coupons/index.astro,src/pages/staff/fraud/index.astro,3,0.428571
src/pages/staff/coupons/index.astro,src/pages/staff/index.astro,3,0.300000
src/pages/staff/coupons/index.astro,src/pages/staff/inventory/index.astro,2,0.285714
src/pages/staff/coupons/index.astro,src/pages/staff/media-admin/index.astro,3,0.375000
src/pages/staff/coupons/index.astro,src/pages/staff/media/index.astro,3,0.500000
src/pages/staff/coupons/index.astro,src/pages/staff/orders/index.astro,2,0.285714
src/pages/staff/coupons/index.astro,src/pages/staff/packing/courier.astro,3,0.428571
src/pages/staff/coupons/index.astro,src/pages/staff/packing/index.astro,3,0.500000
src/pages/staff/coupons/index.astro,src/pages/staff/packing/packed.astro,3,0.600000
src/pages/staff/coupons/index.astro,src/pages/staff/packing/slips.astro,3,0.600000
src/pages/staff/coupons/index.astro,src/pages/staff/products/index.astro,4,0.400000
src/pages/staff/coupons/index.astro,src/pages/staff/reports/index.astro,2,0.333333
src/pages/staff/coupons/index.astro,src/pages/staff/roles/index.astro,3,0.500000
src/pages/staff/coupons/index.astro,src/pages/staff/sales/index.astro,2,0.285714
src/pages/staff/coupons/index.astro,src/pages/staff/sales/instore.astro,3,0.333333
src/pages/staff/coupons/index.astro,src/pages/staff/sales/new.astro,3,0.375000
src/pages/staff/coupons/index.astro,src/pages/staff/sales/notes.astro,3,0.600000
src/pages/staff/coupons/index.astro,src/pages/staff/sales/orders.astro,3,0.500000
src/pages/staff/coupons/index.astro,src/pages/staff/sales/search.astro,3,0.600000
src/pages/staff/coupons/index.astro,src/pages/staff/settings/index.astro,3,0.375000
src/pages/staff/coupons/index.astro,src/pages/staff/support/escalations.astro,3,0.600000
src/pages/staff/coupons/index.astro,src/pages/staff/support/index.astro,3,0.428571
src/pages/staff/coupons/index.astro,src/pages/staff/support/search.astro,2,0.333333
src/pages/staff/coupons/index.astro,src/pages/staff/users/index.astro,3,0.375000
src/pages/staff/fraud/index.astro,src/pages/staff/index.astro,3,0.300000
src/pages/staff/fraud/index.astro,src/pages/staff/inventory/index.astro,4,0.800000
src/pages/staff/fraud/index.astro,src/pages/staff/media-admin/index.astro,3,0.375000
src/pages/staff/fraud/index.astro,src/pages/staff/media/index.astro,3,0.500000
src/pages/staff/fraud/index.astro,src/pages/staff/orders/index.astro,4,0.800000
src/pages/staff/fraud/index.astro,src/pages/staff/packing/courier.astro,2,0.250000
src/pages/staff/fraud/index.astro,src/pages/staff/packing/index.astro,3,0.500000
src/pages/staff/fraud/index.astro,src/pages/staff/packing/packed.astro,2,0.333333
src/pages/staff/fraud/index.astro,src/pages/staff/packing/slips.astro,2,0.333333
src/pages/staff/fraud/index.astro,src/pages/staff/products/index.astro,5,0.555556
src/pages/staff/fraud/index.astro,src/pages/staff/reports/index.astro,2,0.333333
src/pages/staff/fraud/index.astro,src/pages/staff/roles/index.astro,2,0.285714
src/pages/staff/fraud/index.astro,src/pages/staff/sales/index.astro,3,0.500000
src/pages/staff/fraud/index.astro,src/pages/staff/sales/instore.astro,2,0.200000
src/pages/staff/fraud/index.astro,src/pages/staff/sales/new.astro,4,0.571429
src/pages/staff/fraud/index.astro,src/pages/staff/sales/notes.astro,2,0.333333
src/pages/staff/fraud/index.astro,src/pages/staff/sales/orders.astro,3,0.500000
src/pages/staff/fraud/index.astro,src/pages/staff/sales/search.astro,2,0.333333
src/pages/staff/fraud/index.astro,src/pages/staff/settings/index.astro,3,0.375000
src/pages/staff/fraud/index.astro,src/pages/staff/support/escalations.astro,2,0.333333
src/pages/staff/fraud/index.astro,src/pages/staff/support/index.astro,3,0.428571
src/pages/staff/fraud/index.astro,src/pages/staff/support/search.astro,2,0.333333
src/pages/staff/fraud/index.astro,src/pages/staff/users/index.astro,3,0.375000
src/pages/staff/index.astro,src/pages/staff/inventory/index.astro,3,0.333333
src/pages/staff/index.astro,src/pages/staff/login.astro,3,0.250000
src/pages/staff/index.astro,src/pages/staff/media-admin/index.astro,3,0.272727
src/pages/staff/index.astro,src/pages/staff/media/index.astro,2,0.200000
src/pages/staff/index.astro,src/pages/staff/orders/index.astro,3,0.333333
src/pages/staff/index.astro,src/pages/staff/packing/courier.astro,3,0.300000
src/pages/staff/index.astro,src/pages/staff/packing/index.astro,2,0.200000
src/pages/staff/index.astro,src/pages/staff/packing/packed.astro,3,0.375000
src/pages/staff/index.astro,src/pages/staff/packing/slips.astro,3,0.375000
src/pages/staff/index.astro,src/pages/staff/products/index.astro,3,0.214286
src/pages/staff/index.astro,src/pages/staff/reports/index.astro,2,0.222222
src/pages/staff/index.astro,src/pages/staff/roles/index.astro,3,0.333333
src/pages/staff/index.astro,src/pages/staff/sales/index.astro,2,0.200000
src/pages/staff/index.astro,src/pages/staff/sales/instore.astro,3,0.250000
src/pages/staff/index.astro,src/pages/staff/sales/new.astro,3,0.272727
src/pages/staff/index.astro,src/pages/staff/sales/notes.astro,3,0.375000
src/pages/staff/index.astro,src/pages/staff/sales/orders.astro,3,0.333333
src/pages/staff/index.astro,src/pages/staff/sales/search.astro,3,0.375000
src/pages/staff/index.astro,src/pages/staff/settings/index.astro,2,0.166667
src/pages/staff/index.astro,src/pages/staff/support/escalations.astro,3,0.375000
src/pages/staff/index.astro,src/pages/staff/support/index.astro,2,0.181818
src/pages/staff/index.astro,src/pages/staff/support/search.astro,2,0.222222
src/pages/staff/index.astro,src/pages/staff/users/index.astro,2,0.166667
src/pages/staff/inventory/index.astro,src/pages/staff/media-admin/index.astro,3,0.428571
src/pages/staff/inventory/index.astro,src/pages/staff/media/index.astro,2,0.333333
src/pages/staff/inventory/index.astro,src/pages/staff/orders/index.astro,4,1.000000
src/pages/staff/inventory/index.astro,src/pages/staff/packing/courier.astro,2,0.285714
src/pages/staff/inventory/index.astro,src/pages/staff/packing/index.astro,3,0.600000
src/pages/staff/inventory/index.astro,src/pages/staff/packing/packed.astro,2,0.400000
src/pages/staff/inventory/index.astro,src/pages/staff/packing/slips.astro,2,0.400000
src/pages/staff/inventory/index.astro,src/pages/staff/products/index.astro,4,0.444444
src/pages/staff/inventory/index.astro,src/pages/staff/reports/index.astro,2,0.400000
src/pages/staff/inventory/index.astro,src/pages/staff/roles/index.astro,2,0.333333
src/pages/staff/inventory/index.astro,src/pages/staff/sales/index.astro,3,0.600000
src/pages/staff/inventory/index.astro,src/pages/staff/sales/instore.astro,2,0.222222
src/pages/staff/inventory/index.astro,src/pages/staff/sales/new.astro,3,0.428571
src/pages/staff/inventory/index.astro,src/pages/staff/sales/notes.astro,2,0.400000
src/pages/staff/inventory/index.astro,src/pages/staff/sales/orders.astro,3,0.600000
src/pages/staff/inventory/index.astro,src/pages/staff/sales/search.astro,2,0.400000
src/pages/staff/inventory/index.astro,src/pages/staff/settings/index.astro,3,0.428571
src/pages/staff/inventory/index.astro,src/pages/staff/support/escalations.astro,2,0.400000
src/pages/staff/inventory/index.astro,src/pages/staff/support/index.astro,3,0.500000
src/pages/staff/inventory/index.astro,src/pages/staff/support/search.astro,2,0.400000
src/pages/staff/inventory/index.astro,src/pages/staff/users/index.astro,3,0.428571
src/pages/staff/login.astro,src/pages/staff/sales/instore.astro,2,0.166667
src/pages/staff/login.astro,src/pages/staff/sales/pos-history.astro,2,0.250000
src/pages/staff/login.astro,src/pages/staff/sales/pos.astro,2,0.250000
src/pages/staff/media-admin/index.astro,src/pages/staff/media/index.astro,3,0.428571
src/pages/staff/media-admin/index.astro,src/pages/staff/orders/index.astro,3,0.428571
src/pages/staff/media-admin/index.astro,src/pages/staff/packing/courier.astro,3,0.375000
src/pages/staff/media-admin/index.astro,src/pages/staff/packing/index.astro,3,0.428571
src/pages/staff/media-admin/index.astro,src/pages/staff/packing/packed.astro,3,0.500000
src/pages/staff/media-admin/index.astro,src/pages/staff/packing/slips.astro,3,0.500000
src/pages/staff/media-admin/index.astro,src/pages/staff/products/index.astro,5,0.500000
src/pages/staff/media-admin/index.astro,src/pages/staff/reports/index.astro,3,0.500000
src/pages/staff/media-admin/index.astro,src/pages/staff/roles/index.astro,4,0.666667
src/pages/staff/media-admin/index.astro,src/pages/staff/sales/index.astro,3,0.428571
src/pages/staff/media-admin/index.astro,src/pages/staff/sales/instore.astro,3,0.300000
src/pages/staff/media-admin/index.astro,src/pages/staff/sales/new.astro,3,0.333333
src/pages/staff/media-admin/index.astro,src/pages/staff/sales/notes.astro,3,0.500000
src/pages/staff/media-admin/index.astro,src/pages/staff/sales/orders.astro,4,0.666667
src/pages/staff/media-admin/index.astro,src/pages/staff/sales/search.astro,3,0.500000
src/pages/staff/media-admin/index.astro,src/pages/staff/settings/index.astro,5,0.714286
src/pages/staff/media-admin/index.astro,src/pages/staff/support/escalations.astro,3,0.500000
src/pages/staff/media-admin/index.astro,src/pages/staff/support/index.astro,4,0.571429
src/pages/staff/media-admin/index.astro,src/pages/staff/support/search.astro,3,0.500000
src/pages/staff/media-admin/index.astro,src/pages/staff/users/index.astro,5,0.714286
src/pages/staff/media/index.astro,src/pages/staff/orders/index.astro,2,0.333333
src/pages/staff/media/index.astro,src/pages/staff/packing/courier.astro,2,0.285714
src/pages/staff/media/index.astro,src/pages/staff/packing/index.astro,2,0.333333
src/pages/staff/media/index.astro,src/pages/staff/packing/packed.astro,2,0.400000
src/pages/staff/media/index.astro,src/pages/staff/packing/slips.astro,2,0.400000
src/pages/staff/media/index.astro,src/pages/staff/products/index.astro,4,0.444444
src/pages/staff/media/index.astro,src/pages/staff/reports/index.astro,3,0.750000
src/pages/staff/media/index.astro,src/pages/staff/roles/index.astro,2,0.333333
src/pages/staff/media/index.astro,src/pages/staff/sales/index.astro,2,0.333333
src/pages/staff/media/index.astro,src/pages/staff/sales/instore.astro,2,0.222222
src/pages/staff/media/index.astro,src/pages/staff/sales/new.astro,4,0.666667
src/pages/staff/media/index.astro,src/pages/staff/sales/notes.astro,2,0.400000
src/pages/staff/media/index.astro,src/pages/staff/sales/orders.astro,2,0.333333
src/pages/staff/media/index.astro,src/pages/staff/sales/search.astro,2,0.400000
src/pages/staff/media/index.astro,src/pages/staff/settings/index.astro,3,0.428571
src/pages/staff/media/index.astro,src/pages/staff/support/escalations.astro,2,0.400000
src/pages/staff/media/index.astro,src/pages/staff/support/index.astro,3,0.500000
src/pages/staff/media/index.astro,src/pages/staff/support/search.astro,3,0.750000
src/pages/staff/media/index.astro,src/pages/staff/users/index.astro,3,0.428571
src/pages/staff/orders/index.astro,src/pages/staff/packing/courier.astro,2,0.285714
src/pages/staff/orders/index.astro,src/pages/staff/packing/index.astro,3,0.600000
src/pages/staff/orders/index.astro,src/pages/staff/packing/packed.astro,2,0.400000
src/pages/staff/orders/index.astro,src/pages/staff/packing/slips.astro,2,0.400000
src/pages/staff/orders/index.astro,src/pages/staff/products/index.astro,4,0.444444
src/pages/staff/orders/index.astro,src/pages/staff/reports/index.astro,2,0.400000
src/pages/staff/orders/index.astro,src/pages/staff/roles/index.astro,2,0.333333
src/pages/staff/orders/index.astro,src/pages/staff/sales/index.astro,3,0.600000
src/pages/staff/orders/index.astro,src/pages/staff/sales/instore.astro,2,0.222222
src/pages/staff/orders/index.astro,src/pages/staff/sales/new.astro,3,0.428571
src/pages/staff/orders/index.astro,src/pages/staff/sales/notes.astro,2,0.400000
src/pages/staff/orders/index.astro,src/pages/staff/sales/orders.astro,3,0.600000
src/pages/staff/orders/index.astro,src/pages/staff/sales/search.astro,2,0.400000
src/pages/staff/orders/index.astro,src/pages/staff/settings/index.astro,3,0.428571
src/pages/staff/orders/index.astro,src/pages/staff/support/escalations.astro,2,0.400000
src/pages/staff/orders/index.astro,src/pages/staff/support/index.astro,3,0.500000
src/pages/staff/orders/index.astro,src/pages/staff/support/search.astro,2,0.400000
src/pages/staff/orders/index.astro,src/pages/staff/users/index.astro,3,0.428571
src/pages/staff/packing/courier.astro,src/pages/staff/packing/index.astro,2,0.285714
src/pages/staff/packing/courier.astro,src/pages/staff/packing/packed.astro,3,0.600000
src/pages/staff/packing/courier.astro,src/pages/staff/packing/slips.astro,3,0.600000
src/pages/staff/packing/courier.astro,src/pages/staff/products/index.astro,2,0.166667
src/pages/staff/packing/courier.astro,src/pages/staff/reports/index.astro,2,0.333333
src/pages/staff/packing/courier.astro,src/pages/staff/roles/index.astro,3,0.500000
src/pages/staff/packing/courier.astro,src/pages/staff/sales/index.astro,2,0.285714
src/pages/staff/packing/courier.astro,src/pages/staff/sales/instore.astro,3,0.333333
src/pages/staff/packing/courier.astro,src/pages/staff/sales/new.astro,2,0.222222
src/pages/staff/packing/courier.astro,src/pages/staff/sales/notes.astro,3,0.600000
src/pages/staff/packing/courier.astro,src/pages/staff/sales/orders.astro,3,0.500000
src/pages/staff/packing/courier.astro,src/pages/staff/sales/search.astro,3,0.600000
src/pages/staff/packing/courier.astro,src/pages/staff/settings/index.astro,2,0.222222
src/pages/staff/packing/courier.astro,src/pages/staff/support/escalations.astro,3,0.600000
src/pages/staff/packing/courier.astro,src/pages/staff/support/index.astro,2,0.250000
src/pages/staff/packing/courier.astro,src/pages/staff/support/search.astro,2,0.333333
src/pages/staff/packing/courier.astro,src/pages/staff/users/index.astro,2,0.222222
src/pages/staff/packing/index.astro,src/pages/staff/packing/packed.astro,2,0.400000
src/pages/staff/packing/index.astro,src/pages/staff/packing/slips.astro,2,0.400000
src/pages/staff/packing/index.astro,src/pages/staff/products/index.astro,4,0.444444
src/pages/staff/packing/index.astro,src/pages/staff/reports/index.astro,2,0.400000
src/pages/staff/packing/index.astro,src/pages/staff/roles/index.astro,2,0.333333
src/pages/staff/packing/index.astro,src/pages/staff/sales/index.astro,3,0.600000
src/pages/staff/packing/index.astro,src/pages/staff/sales/instore.astro,2,0.222222
src/pages/staff/packing/index.astro,src/pages/staff/sales/new.astro,2,0.250000
src/pages/staff/packing/index.astro,src/pages/staff/sales/notes.astro,2,0.400000
src/pages/staff/packing/index.astro,src/pages/staff/sales/orders.astro,3,0.600000
src/pages/staff/packing/index.astro,src/pages/staff/sales/search.astro,2,0.400000
src/pages/staff/packing/index.astro,src/pages/staff/settings/index.astro,4,0.666667
src/pages/staff/packing/index.astro,src/pages/staff/support/escalations.astro,2,0.400000
src/pages/staff/packing/index.astro,src/pages/staff/support/index.astro,4,0.800000
src/pages/staff/packing/index.astro,src/pages/staff/support/search.astro,2,0.400000
src/pages/staff/packing/index.astro,src/pages/staff/users/index.astro,4,0.666667
src/pages/staff/packing/packed.astro,src/pages/staff/packing/slips.astro,3,1.000000
src/pages/staff/packing/packed.astro,src/pages/staff/products/index.astro,2,0.200000
src/pages/staff/packing/packed.astro,src/pages/staff/reports/index.astro,2,0.500000
src/pages/staff/packing/packed.astro,src/pages/staff/roles/index.astro,3,0.750000
src/pages/staff/packing/packed.astro,src/pages/staff/sales/index.astro,2,0.400000
src/pages/staff/packing/packed.astro,src/pages/staff/sales/instore.astro,3,0.428571
src/pages/staff/packing/packed.astro,src/pages/staff/sales/new.astro,2,0.285714
src/pages/staff/packing/packed.astro,src/pages/staff/sales/notes.astro,3,1.000000
src/pages/staff/packing/packed.astro,src/pages/staff/sales/orders.astro,3,0.750000
src/pages/staff/packing/packed.astro,src/pages/staff/sales/search.astro,3,1.000000
src/pages/staff/packing/packed.astro,src/pages/staff/settings/index.astro,2,0.285714
src/pages/staff/packing/packed.astro,src/pages/staff/support/escalations.astro,3,1.000000
src/pages/staff/packing/packed.astro,src/pages/staff/support/index.astro,2,0.333333
src/pages/staff/packing/packed.astro,src/pages/staff/support/search.astro,2,0.500000
src/pages/staff/packing/packed.astro,src/pages/staff/users/index.astro,2,0.285714
src/pages/staff/packing/slips.astro,src/pages/staff/products/index.astro,2,0.200000
src/pages/staff/packing/slips.astro,src/pages/staff/reports/index.astro,2,0.500000
src/pages/staff/packing/slips.astro,src/pages/staff/roles/index.astro,3,0.750000
src/pages/staff/packing/slips.astro,src/pages/staff/sales/index.astro,2,0.400000
src/pages/staff/packing/slips.astro,src/pages/staff/sales/instore.astro,3,0.428571
src/pages/staff/packing/slips.astro,src/pages/staff/sales/new.astro,2,0.285714
src/pages/staff/packing/slips.astro,src/pages/staff/sales/notes.astro,3,1.000000
src/pages/staff/packing/slips.astro,src/pages/staff/sales/orders.astro,3,0.750000
src/pages/staff/packing/slips.astro,src/pages/staff/sales/search.astro,3,1.000000
src/pages/staff/packing/slips.astro,src/pages/staff/settings/index.astro,2,0.285714
src/pages/staff/packing/slips.astro,src/pages/staff/support/escalations.astro,3,1.000000
src/pages/staff/packing/slips.astro,src/pages/staff/support/index.astro,2,0.333333
src/pages/staff/packing/slips.astro,src/pages/staff/support/search.astro,2,0.500000
src/pages/staff/packing/slips.astro,src/pages/staff/users/index.astro,2,0.285714
src/pages/staff/products/index.astro,src/pages/staff/reports/index.astro,3,0.333333
src/pages/staff/products/index.astro,src/pages/staff/roles/index.astro,3,0.300000
src/pages/staff/products/index.astro,src/pages/staff/sales/index.astro,3,0.300000
src/pages/staff/products/index.astro,src/pages/staff/sales/instore.astro,3,0.230769
src/pages/staff/products/index.astro,src/pages/staff/sales/new.astro,6,0.666667
src/pages/staff/products/index.astro,src/pages/staff/sales/notes.astro,2,0.200000
src/pages/staff/products/index.astro,src/pages/staff/sales/orders.astro,3,0.300000
src/pages/staff/products/index.astro,src/pages/staff/sales/search.astro,2,0.200000
src/pages/staff/products/index.astro,src/pages/staff/settings/index.astro,6,0.666667
src/pages/staff/products/index.astro,src/pages/staff/support/escalations.astro,2,0.200000
src/pages/staff/products/index.astro,src/pages/staff/support/index.astro,5,0.555556
src/pages/staff/products/index.astro,src/pages/staff/support/search.astro,3,0.333333
src/pages/staff/products/index.astro,src/pages/staff/users/index.astro,6,0.666667
src/pages/staff/reports/index.astro,src/pages/staff/roles/index.astro,2,0.400000
src/pages/staff/reports/index.astro,src/pages/staff/sales/index.astro,2,0.400000
src/pages/staff/reports/index.astro,src/pages/staff/sales/instore.astro,2,0.250000
src/pages/staff/reports/index.astro,src/pages/staff/sales/new.astro,3,0.500000
src/pages/staff/reports/index.astro,src/pages/staff/sales/notes.astro,2,0.500000
src/pages/staff/reports/index.astro,src/pages/staff/sales/orders.astro,2,0.400000
src/pages/staff/reports/index.astro,src/pages/staff/sales/search.astro,2,0.500000
src/pages/staff/reports/index.astro,src/pages/staff/settings/index.astro,3,0.500000
src/pages/staff/reports/index.astro,src/pages/staff/support/escalations.astro,2,0.500000
src/pages/staff/reports/index.astro,src/pages/staff/support/index.astro,3,0.600000
src/pages/staff/reports/index.astro,src/pages/staff/support/search.astro,3,1.000000
src/pages/staff/reports/index.astro,src/pages/staff/users/index.astro,3,0.500000
src/pages/staff/roles/index.astro,src/pages/staff/sales/index.astro,2,0.333333
src/pages/staff/roles/index.astro,src/pages/staff/sales/instore.astro,3,0.375000
src/pages/staff/roles/index.astro,src/pages/staff/sales/new.astro,2,0.250000
src/pages/staff/roles/index.astro,src/pages/staff/sales/notes.astro,3,0.750000
src/pages/staff/roles/index.astro,src/pages/staff/sales/orders.astro,3,0.600000
src/pages/staff/roles/index.astro,src/pages/staff/sales/search.astro,3,0.750000
src/pages/staff/roles/index.astro,src/pages/staff/settings/index.astro,3,0.428571
src/pages/staff/roles/index.astro,src/pages/staff/support/escalations.astro,3,0.750000
src/pages/staff/roles/index.astro,src/pages/staff/support/index.astro,2,0.285714
src/pages/staff/roles/index.astro,src/pages/staff/support/search.astro,2,0.400000
src/pages/staff/roles/index.astro,src/pages/staff/users/index.astro,3,0.428571
src/pages/staff/sales/index.astro,src/pages/staff/sales/instore.astro,2,0.222222
src/pages/staff/sales/index.astro,src/pages/staff/sales/new.astro,2,0.250000
src/pages/staff/sales/index.astro,src/pages/staff/sales/notes.astro,2,0.400000
src/pages/staff/sales/index.astro,src/pages/staff/sales/orders.astro,3,0.600000
src/pages/staff/sales/index.astro,src/pages/staff/sales/pos-history.astro,2,0.400000
src/pages/staff/sales/index.astro,src/pages/staff/sales/pos.astro,2,0.400000
src/pages/staff/sales/index.astro,src/pages/staff/sales/search.astro,2,0.400000
src/pages/staff/sales/index.astro,src/pages/staff/settings/index.astro,3,0.428571
src/pages/staff/sales/index.astro,src/pages/staff/support/escalations.astro,2,0.400000
src/pages/staff/sales/index.astro,src/pages/staff/support/index.astro,3,0.500000
src/pages/staff/sales/index.astro,src/pages/staff/support/search.astro,2,0.400000
src/pages/staff/sales/index.astro,src/pages/staff/users/index.astro,3,0.428571
src/pages/staff/sales/instore.astro,src/pages/staff/sales/new.astro,3,0.300000
src/pages/staff/sales/instore.astro,src/pages/staff/sales/notes.astro,3,0.428571
src/pages/staff/sales/instore.astro,src/pages/staff/sales/orders.astro,3,0.375000
src/pages/staff/sales/instore.astro,src/pages/staff/sales/pos-history.astro,2,0.250000
src/pages/staff/sales/instore.astro,src/pages/staff/sales/pos.astro,2,0.250000
src/pages/staff/sales/instore.astro,src/pages/staff/sales/search.astro,3,0.428571
src/pages/staff/sales/instore.astro,src/pages/staff/settings/index.astro,2,0.181818
src/pages/staff/sales/instore.astro,src/pages/staff/support/escalations.astro,3,0.428571
src/pages/staff/sales/instore.astro,src/pages/staff/support/index.astro,2,0.200000
src/pages/staff/sales/instore.astro,src/pages/staff/support/search.astro,2,0.250000
src/pages/staff/sales/instore.astro,src/pages/staff/users/index.astro,2,0.181818
src/pages/staff/sales/new.astro,src/pages/staff/sales/notes.astro,2,0.285714
src/pages/staff/sales/new.astro,src/pages/staff/sales/orders.astro,2,0.250000
src/pages/staff/sales/new.astro,src/pages/staff/sales/search.astro,2,0.285714
src/pages/staff/sales/new.astro,src/pages/staff/settings/index.astro,3,0.333333
src/pages/staff/sales/new.astro,src/pages/staff/support/escalations.astro,2,0.285714
src/pages/staff/sales/new.astro,src/pages/staff/support/index.astro,3,0.375000
src/pages/staff/sales/new.astro,src/pages/staff/support/search.astro,3,0.500000
src/pages/staff/sales/new.astro,src/pages/staff/users/index.astro,3,0.333333
src/pages/staff/sales/notes.astro,src/pages/staff/sales/orders.astro,3,0.750000
src/pages/staff/sales/notes.astro,src/pages/staff/sales/search.astro,3,1.000000
src/pages/staff/sales/notes.astro,src/pages/staff/settings/index.astro,2,0.285714
src/pages/staff/sales/notes.astro,src/pages/staff/support/escalations.astro,3,1.000000
src/pages/staff/sales/notes.astro,src/pages/staff/support/index.astro,2,0.333333
src/pages/staff/sales/notes.astro,src/pages/staff/support/search.astro,2,0.500000
src/pages/staff/sales/notes.astro,src/pages/staff/users/index.astro,2,0.285714
src/pages/staff/sales/orders.astro,src/pages/staff/sales/search.astro,3,0.750000
src/pages/staff/sales/orders.astro,src/pages/staff/settings/index.astro,3,0.428571
src/pages/staff/sales/orders.astro,src/pages/staff/support/escalations.astro,3,0.750000
src/pages/staff/sales/orders.astro,src/pages/staff/support/index.astro,3,0.500000
src/pages/staff/sales/orders.astro,src/pages/staff/support/search.astro,2,0.400000
src/pages/staff/sales/orders.astro,src/pages/staff/users/index.astro,3,0.428571
src/pages/staff/sales/pos-history.astro,src/pages/staff/sales/pos.astro,3,1.000000
src/pages/staff/sales/search.astro,src/pages/staff/settings/index.astro,2,0.285714
src/pages/staff/sales/search.astro,src/pages/staff/support/escalations.astro,3,1.000000
src/pages/staff/sales/search.astro,src/pages/staff/support/index.astro,2,0.333333
src/pages/staff/sales/search.astro,src/pages/staff/support/search.astro,2,0.500000
src/pages/staff/sales/search.astro,src/pages/staff/users/index.astro,2,0.285714
src/pages/staff/settings/index.astro,src/pages/staff/support/escalations.astro,2,0.285714
src/pages/staff/settings/index.astro,src/pages/staff/support/index.astro,5,0.833333
src/pages/staff/settings/index.astro,src/pages/staff/support/search.astro,3,0.500000
src/pages/staff/settings/index.astro,src/pages/staff/users/index.astro,6,1.000000
src/pages/staff/support/escalations.astro,src/pages/staff/support/index.astro,2,0.333333
src/pages/staff/support/escalations.astro,src/pages/staff/support/search.astro,2,0.500000
src/pages/staff/support/escalations.astro,src/pages/staff/users/index.astro,2,0.285714
src/pages/staff/support/index.astro,src/pages/staff/support/search.astro,3,0.600000
src/pages/staff/support/index.astro,src/pages/staff/users/index.astro,5,0.833333
src/pages/staff/support/search.astro,src/pages/staff/users/index.astro,3,0.500000
FINAL_EXECUTION_REPORT.md,db/migrations/0001_initial_v6_8a_schema.sql,2,0.200000
FINAL_EXECUTION_REPORT.md,db/migrations/0027_stock_reservations_status_rebuild.sql,2,0.333333
FINAL_EXECUTION_REPORT.md,src/do/budget-counter-do.ts,2,0.222222
FINAL_EXECUTION_REPORT.md,src/lib/fraud.ts,2,0.200000
FINAL_EXECUTION_REPORT.md,src/lib/integrations/uddoktapay/client.ts,2,0.250000
FINAL_EXECUTION_REPORT.md,src/lib/inventory.ts,2,0.222222
FINAL_EXECUTION_REPORT.md,src/lib/orders.ts,2,0.222222
FINAL_EXECUTION_REPORT.md,src/lib/payments.ts,2,0.181818
FINAL_EXECUTION_REPORT.md,src/lib/tinify.ts,2,0.222222
FINAL_EXECUTION_REPORT.md,src/pages/api/staff/orders/create.ts,2,0.117647
GAP_FIX_LIST.md,db/migrations/0001_initial_v6_8a_schema.sql,2,0.222222
GAP_FIX_LIST.md,db/migrations/0027_stock_reservations_status_rebuild.sql,2,0.400000
GAP_FIX_LIST.md,src/do/budget-counter-do.ts,2,0.250000
GAP_FIX_LIST.md,src/lib/fraud.ts,2,0.222222
GAP_FIX_LIST.md,src/lib/integrations/uddoktapay/client.ts,2,0.285714
GAP_FIX_LIST.md,src/lib/inventory.ts,2,0.250000
GAP_FIX_LIST.md,src/lib/orders.ts,2,0.250000
GAP_FIX_LIST.md,src/lib/payments.ts,2,0.200000
GAP_FIX_LIST.md,src/lib/tinify.ts,2,0.250000
GAP_FIX_LIST.md,src/pages/api/staff/orders/create.ts,2,0.125000
db/migrations/0001_initial_v6_8a_schema.sql,db/migrations/0027_stock_reservations_status_rebuild.sql,2,0.333333
db/migrations/0001_initial_v6_8a_schema.sql,src/do/budget-counter-do.ts,2,0.222222
db/migrations/0001_initial_v6_8a_schema.sql,src/do/idempotency-do.ts,2,0.333333
db/migrations/0001_initial_v6_8a_schema.sql,src/do/variant-inventory-do.ts,2,0.181818
db/migrations/0001_initial_v6_8a_schema.sql,src/lib/cache-api.ts,2,0.250000
db/migrations/0001_initial_v6_8a_schema.sql,src/lib/email.ts,2,0.250000
db/migrations/0001_initial_v6_8a_schema.sql,src/lib/fraud.ts,2,0.200000
db/migrations/0001_initial_v6_8a_schema.sql,src/lib/inventory.ts,3,0.375000
db/migrations/0001_initial_v6_8a_schema.sql,src/lib/maintenance/reconciliation.ts,2,0.222222
db/migrations/0001_initial_v6_8a_schema.sql,src/lib/orders.ts,3,0.375000
db/migrations/0001_initial_v6_8a_schema.sql,src/lib/turnstile.ts,2,0.333333
db/migrations/0001_initial_v6_8a_schema.sql,src/pages/api/fraud/check.ts,2,0.250000
db/migrations/0001_initial_v6_8a_schema.sql,src/pages/api/staff/orders/[id]/confirm.ts,3,0.300000
db/migrations/0001_initial_v6_8a_schema.sql,src/pages/api/staff/orders/create.ts,4,0.266667
db/migrations/0001_initial_v6_8a_schema.sql,src/pages/api/staff/returns/[id]/approve.ts,2,0.222222
db/migrations/0001_initial_v6_8a_schema.sql,src/pages/api/staff/uploads.ts,2,0.200000
db/migrations/0001_initial_v6_8a_schema.sql,src/queues/consumers.ts,3,0.200000
db/migrations/0027_stock_reservations_status_rebuild.sql,src/do/budget-counter-do.ts,2,0.400000
db/migrations/0027_stock_reservations_status_rebuild.sql,src/lib/inventory.ts,2,0.400000
db/migrations/0027_stock_reservations_status_rebuild.sql,src/lib/orders.ts,2,0.400000
db/migrations/0027_stock_reservations_status_rebuild.sql,src/pages/api/staff/orders/create.ts,2,0.153846
db/migrations/0027_stock_reservations_status_rebuild.sql,src/queues/consumers.ts,2,0.166667
src/do/budget-counter-do.ts,src/lib/ai-client.ts,2,0.333333
src/do/budget-counter-do.ts,src/lib/email.ts,2,0.285714
src/do/budget-counter-do.ts,src/lib/inventory.ts,2,0.250000
src/do/budget-counter-do.ts,src/lib/orders.ts,2,0.250000
src/do/budget-counter-do.ts,src/pages/api/staff/orders/create.ts,3,0.200000
src/do/budget-counter-do.ts,src/queues/consumers.ts,3,0.214286
src/do/cart-do.ts,src/do/direct-checkout-session-do.ts,2,0.500000
src/do/cart-do.ts,src/do/provider-health-do.ts,2,0.500000
src/do/cart-do.ts,src/do/variant-inventory-do.ts,2,0.250000
src/do/cart-do.ts,src/lib/cache-api.ts,2,0.400000
src/do/cart-do.ts,src/lib/fraud.ts,3,0.500000
src/do/cart-do.ts,src/lib/payments.ts,2,0.250000
src/do/cart-do.ts,src/pages/api/staff/uploads.ts,2,0.285714
src/do/cart-do.ts,src/queues/consumers.ts,3,0.250000
src/do/direct-checkout-session-do.ts,src/do/provider-health-do.ts,2,0.500000
src/do/direct-checkout-session-do.ts,src/lib/cache-api.ts,2,0.400000
src/do/direct-checkout-session-do.ts,src/lib/fraud.ts,2,0.285714
src/do/direct-checkout-session-do.ts,src/pages/api/staff/uploads.ts,2,0.285714
src/do/idempotency-do.ts,src/do/variant-inventory-do.ts,2,0.285714
src/do/idempotency-do.ts,src/lib/cache-api.ts,2,0.500000
src/do/idempotency-do.ts,src/lib/email.ts,2,0.500000
src/do/idempotency-do.ts,src/lib/inventory.ts,2,0.400000
src/do/idempotency-do.ts,src/lib/maintenance/reconciliation.ts,2,0.400000
src/do/idempotency-do.ts,src/lib/orders.ts,2,0.400000
src/do/idempotency-do.ts,src/lib/turnstile.ts,2,1.000000
src/do/idempotency-do.ts,src/pages/api/staff/orders/create.ts,2,0.153846
src/do/idempotency-do.ts,src/pages/api/staff/returns/[id]/approve.ts,2,0.400000
src/do/idempotency-do.ts,src/queues/consumers.ts,2,0.166667
src/do/provider-health-do.ts,src/do/variant-inventory-do.ts,2,0.250000
src/do/provider-health-do.ts,src/lib/cache-api.ts,2,0.400000
src/do/provider-health-do.ts,src/lib/fraud.ts,2,0.285714
src/do/provider-health-do.ts,src/pages/api/staff/uploads.ts,2,0.285714
src/do/variant-inventory-do.ts,src/lib/cache-api.ts,3,0.375000
src/do/variant-inventory-do.ts,src/lib/email.ts,2,0.222222
src/do/variant-inventory-do.ts,src/lib/fraud.ts,2,0.181818
src/do/variant-inventory-do.ts,src/lib/inventory.ts,2,0.200000
src/do/variant-inventory-do.ts,src/lib/maintenance/reconciliation.ts,2,0.200000
src/do/variant-inventory-do.ts,src/lib/orders.ts,2,0.200000
src/do/variant-inventory-do.ts,src/lib/turnstile.ts,2,0.285714
src/do/variant-inventory-do.ts,src/pages/api/staff/orders/create.ts,2,0.111111
src/do/variant-inventory-do.ts,src/pages/api/staff/returns/[id]/approve.ts,2,0.200000
src/lib/ai-client.ts,src/lib/cache-api.ts,2,0.400000
src/lib/ai-client.ts,src/lib/maintenance/partial-prepay.ts,2,0.500000
src/lib/ai-client.ts,src/lib/maintenance/reconciliation.ts,2,0.333333
src/lib/ai-client.ts,src/lib/payments.ts,2,0.250000
src/lib/ai-client.ts,src/pages/api/staff/orders/[id]/confirm.ts,2,0.250000
src/lib/ai-client.ts,src/pages/api/staff/orders/create.ts,2,0.142857
src/lib/ai-client.ts,src/pages/api/staff/returns/[id]/approve.ts,2,0.333333
src/lib/ai-client.ts,src/queues/consumers.ts,2,0.153846
src/lib/cache-api.ts,src/lib/email.ts,2,0.333333
src/lib/cache-api.ts,src/lib/fraud.ts,2,0.250000
src/lib/cache-api.ts,src/lib/inventory.ts,2,0.285714
src/lib/cache-api.ts,src/lib/maintenance/partial-prepay.ts,2,0.400000
src/lib/cache-api.ts,src/lib/maintenance/reconciliation.ts,3,0.500000
src/lib/cache-api.ts,src/lib/orders.ts,2,0.285714
src/lib/cache-api.ts,src/lib/payments.ts,2,0.222222
src/lib/cache-api.ts,src/lib/turnstile.ts,2,0.500000
src/lib/cache-api.ts,src/pages/api/staff/orders/[id]/confirm.ts,2,0.222222
src/lib/cache-api.ts,src/pages/api/staff/orders/create.ts,3,0.214286
src/lib/cache-api.ts,src/pages/api/staff/returns/[id]/approve.ts,3,0.500000
src/lib/cache-api.ts,src/pages/api/staff/uploads.ts,2,0.250000
src/lib/cache-api.ts,src/queues/consumers.ts,4,0.333333
src/lib/email.ts,src/lib/inventory.ts,2,0.285714
src/lib/email.ts,src/lib/maintenance/reconciliation.ts,2,0.285714
src/lib/email.ts,src/lib/orders.ts,2,0.285714
src/lib/email.ts,src/lib/turnstile.ts,2,0.500000
src/lib/email.ts,src/pages/api/staff/orders/create.ts,3,0.214286
src/lib/email.ts,src/pages/api/staff/returns/[id]/approve.ts,2,0.285714
src/lib/email.ts,src/queues/consumers.ts,3,0.230769
src/lib/fraud.ts,src/lib/integrations/uddoktapay/client.ts,2,0.250000
src/lib/fraud.ts,src/lib/inventory.ts,2,0.222222
src/lib/fraud.ts,src/lib/payments.ts,4,0.444444
src/lib/fraud.ts,src/lib/tinify.ts,2,0.222222
src/lib/fraud.ts,src/pages/api/fraud/check.ts,2,0.250000
src/lib/fraud.ts,src/pages/api/staff/orders/[id]/confirm.ts,2,0.181818
src/lib/fraud.ts,src/pages/api/staff/orders/create.ts,2,0.117647
src/lib/fraud.ts,src/pages/api/staff/uploads.ts,2,0.200000
src/lib/fraud.ts,src/queues/consumers.ts,3,0.200000
src/lib/integrations/uddoktapay/client.ts,src/lib/payments.ts,2,0.222222
src/lib/integrations/uddoktapay/client.ts,src/lib/tinify.ts,2,0.285714
src/lib/inventory.ts,src/lib/maintenance/reconciliation.ts,3,0.428571
src/lib/inventory.ts,src/lib/orders.ts,3,0.428571
src/lib/inventory.ts,src/lib/payments.ts,3,0.333333
src/lib/inventory.ts,src/lib/turnstile.ts,2,0.400000
src/lib/inventory.ts,src/pages/api/fraud/check.ts,2,0.285714
src/lib/inventory.ts,src/pages/api/staff/orders/create.ts,3,0.200000
src/lib/inventory.ts,src/pages/api/staff/returns/[id]/approve.ts,3,0.428571
src/lib/inventory.ts,src/queues/consumers.ts,4,0.307692
src/lib/maintenance/partial-prepay.ts,src/lib/maintenance/reconciliation.ts,2,0.333333
src/lib/maintenance/partial-prepay.ts,src/lib/orders.ts,2,0.333333
src/lib/maintenance/partial-prepay.ts,src/lib/payments.ts,2,0.250000
src/lib/maintenance/partial-prepay.ts,src/pages/api/staff/orders/[id]/confirm.ts,3,0.428571
src/lib/maintenance/partial-prepay.ts,src/pages/api/staff/orders/create.ts,3,0.230769
src/lib/maintenance/partial-prepay.ts,src/pages/api/staff/returns/[id]/approve.ts,2,0.333333
src/lib/maintenance/partial-prepay.ts,src/queues/consumers.ts,2,0.153846
src/lib/maintenance/reconciliation.ts,src/lib/orders.ts,2,0.250000
src/lib/maintenance/reconciliation.ts,src/lib/payments.ts,3,0.333333
src/lib/maintenance/reconciliation.ts,src/lib/turnstile.ts,2,0.400000
src/lib/maintenance/reconciliation.ts,src/pages/api/staff/orders/[id]/confirm.ts,2,0.200000
src/lib/maintenance/reconciliation.ts,src/pages/api/staff/orders/create.ts,3,0.200000
src/lib/maintenance/reconciliation.ts,src/pages/api/staff/returns/[id]/approve.ts,4,0.666667
src/lib/maintenance/reconciliation.ts,src/queues/consumers.ts,4,0.307692
src/lib/orders.ts,src/lib/turnstile.ts,2,0.400000
src/lib/orders.ts,src/pages/api/staff/orders/[id]/confirm.ts,2,0.200000
src/lib/orders.ts,src/pages/api/staff/orders/create.ts,5,0.384615
src/lib/orders.ts,src/pages/api/staff/returns/[id]/approve.ts,2,0.250000
src/lib/orders.ts,src/queues/consumers.ts,3,0.214286
src/lib/payments.ts,src/lib/tinify.ts,2,0.200000
src/lib/payments.ts,src/pages/api/fraud/check.ts,2,0.222222
src/lib/payments.ts,src/pages/api/staff/orders/[id]/confirm.ts,2,0.166667
src/lib/payments.ts,src/pages/api/staff/orders/create.ts,2,0.111111
src/lib/payments.ts,src/pages/api/staff/returns/[id]/approve.ts,4,0.500000
src/lib/payments.ts,src/queues/consumers.ts,4,0.266667
src/lib/tinify.ts,src/pages/api/staff/uploads.ts,2,0.222222
src/lib/turnstile.ts,src/pages/api/staff/orders/create.ts,2,0.153846
src/lib/turnstile.ts,src/pages/api/staff/returns/[id]/approve.ts,2,0.400000
src/lib/turnstile.ts,src/queues/consumers.ts,2,0.166667
src/pages/api/fraud/check.ts,src/pages/api/staff/orders/[id]/confirm.ts,2,0.222222
src/pages/api/fraud/check.ts,src/pages/api/staff/uploads.ts,2,0.250000
src/pages/api/staff/orders/[id]/confirm.ts,src/pages/api/staff/orders/create.ts,4,0.250000
src/pages/api/staff/orders/[id]/confirm.ts,src/pages/api/staff/returns/[id]/approve.ts,2,0.200000
src/pages/api/staff/orders/[id]/confirm.ts,src/pages/api/staff/uploads.ts,2,0.181818
src/pages/api/staff/orders/[id]/confirm.ts,src/queues/consumers.ts,2,0.117647
src/pages/api/staff/orders/create.ts,src/pages/api/staff/returns/[id]/approve.ts,3,0.200000
src/pages/api/staff/orders/create.ts,src/pages/api/staff/uploads.ts,2,0.117647
src/pages/api/staff/orders/create.ts,src/queues/consumers.ts,5,0.250000
src/pages/api/staff/returns/[id]/approve.ts,src/queues/consumers.ts,4,0.307692
FINAL_EXECUTION_REPORT.md,src/pages/api/buy-now/submit.ts,2,0.200000
GAP_FIX_LIST.md,src/pages/api/buy-now/submit.ts,2,0.222222
src/lib/fraud.ts,src/pages/api/buy-now/submit.ts,2,0.200000
src/lib/fraud.ts,src/pages/api/payments/create.ts,2,0.200000
src/lib/payments.ts,src/pages/api/buy-now/submit.ts,2,0.181818
src/lib/payments.ts,src/pages/api/payments/create.ts,3,0.300000
astro.config.mjs,db/migrations/0001_initial_v6_8a_schema.sql,2,0.125000
astro.config.mjs,src/do/budget-counter-do.ts,2,0.133333
astro.config.mjs,src/entry-cloudflare.ts,6,0.400000
astro.config.mjs,src/env.d.ts,6,0.300000
astro.config.mjs,src/lib/checkout-pricing.ts,2,0.133333
astro.config.mjs,src/lib/cron-dispatch.ts,4,0.235294
astro.config.mjs,src/lib/do-client.ts,3,0.187500
astro.config.mjs,src/lib/inventory.ts,3,0.214286
astro.config.mjs,src/lib/orders.ts,4,0.307692
astro.config.mjs,src/pages/api/checkout.ts,7,0.318182
astro.config.mjs,src/pages/api/staff/orders/create.ts,4,0.190476
astro.config.mjs,src/queues/consumers.ts,3,0.142857
astro.config.mjs,wrangler.jsonc,6,0.333333
db/migrations/0001_initial_v6_8a_schema.sql,db/migrations/0003_staff_operations_v2.sql,2,0.285714
db/migrations/0001_initial_v6_8a_schema.sql,src/entry-cloudflare.ts,2,0.153846
db/migrations/0001_initial_v6_8a_schema.sql,src/env.d.ts,2,0.111111
db/migrations/0001_initial_v6_8a_schema.sql,src/lib/cron-dispatch.ts,3,0.250000
db/migrations/0001_initial_v6_8a_schema.sql,src/lib/do-client.ts,2,0.181818
db/migrations/0001_initial_v6_8a_schema.sql,src/pages/api/checkout.ts,2,0.095238
db/migrations/0001_initial_v6_8a_schema.sql,src/pages/api/staff/ai/generate-product-content.ts,2,0.200000
db/migrations/0001_initial_v6_8a_schema.sql,wrangler.jsonc,2,0.125000
db/migrations/0003_staff_operations_v2.sql,src/lib/cron-dispatch.ts,2,0.200000
db/migrations/0003_staff_operations_v2.sql,src/pages/api/checkout.ts,2,0.111111
db/migrations/0003_staff_operations_v2.sql,src/pages/api/staff/orders/create.ts,3,0.230769
src/do/budget-counter-do.ts,src/entry-cloudflare.ts,2,0.166667
src/do/budget-counter-do.ts,src/lib/contracts/index.ts,2,0.400000
src/do/budget-counter-do.ts,src/lib/cron-dispatch.ts,2,0.166667
src/do/budget-counter-do.ts,src/lib/invoices.ts,2,0.200000
src/do/budget-counter-do.ts,wrangler.jsonc,2,0.133333
src/entry-cloudflare.ts,src/env.d.ts,4,0.210526
src/entry-cloudflare.ts,src/lib/checkout-pricing.ts,3,0.272727
src/entry-cloudflare.ts,src/lib/cron-dispatch.ts,4,0.285714
src/entry-cloudflare.ts,src/lib/do-client.ts,3,0.230769
src/entry-cloudflare.ts,src/lib/inventory.ts,2,0.166667
src/entry-cloudflare.ts,src/lib/orders.ts,3,0.272727
src/entry-cloudflare.ts,src/pages/api/buy-now/submit.ts,2,0.153846
src/entry-cloudflare.ts,src/pages/api/checkout.ts,6,0.300000
src/entry-cloudflare.ts,src/pages/api/staff/ai/generate-product-content.ts,3,0.250000
src/entry-cloudflare.ts,src/pages/api/staff/orders/create.ts,4,0.222222
src/entry-cloudflare.ts,src/queues/consumers.ts,4,0.235294
src/entry-cloudflare.ts,wrangler.jsonc,6,0.400000
src/env.d.ts,src/lib/ai-content.ts,2,0.142857
src/env.d.ts,src/lib/cron-dispatch.ts,5,0.277778
src/env.d.ts,src/lib/do-client.ts,5,0.312500
src/env.d.ts,src/lib/inventory.ts,3,0.187500
src/env.d.ts,src/lib/invoices.ts,3,0.166667
src/env.d.ts,src/lib/orders.ts,3,0.187500
src/env.d.ts,src/pages/api/buy-now/submit.ts,2,0.111111
src/env.d.ts,src/pages/api/checkout.ts,6,0.240000
src/env.d.ts,src/pages/api/staff/ai/generate-product-content.ts,4,0.250000
src/env.d.ts,src/pages/api/staff/orders/create.ts,4,0.173913
src/env.d.ts,src/queues/consumers.ts,5,0.238095
src/lib/ai-content.ts,src/pages/api/staff/ai/generate-product-content.ts,2,0.333333
src/lib/checkout-pricing.ts,src/lib/cron-dispatch.ts,3,0.272727
src/lib/checkout-pricing.ts,src/pages/api/checkout.ts,3,0.157895
src/lib/checkout-pricing.ts,src/pages/api/staff/ai/generate-product-content.ts,2,0.222222
src/lib/checkout-pricing.ts,src/pages/api/staff/orders/create.ts,2,0.125000
src/lib/checkout-pricing.ts,src/queues/consumers.ts,2,0.133333
src/lib/contracts/index.ts,src/lib/cron-dispatch.ts,2,0.222222
src/lib/contracts/index.ts,src/lib/invoices.ts,2,0.285714
src/lib/contracts/index.ts,src/pages/api/staff/orders/create.ts,2,0.153846
src/lib/contracts/index.ts,src/queues/consumers.ts,2,0.166667
src/lib/cron-dispatch.ts,src/lib/do-client.ts,3,0.230769
src/lib/cron-dispatch.ts,src/lib/inventory.ts,3,0.272727
src/lib/cron-dispatch.ts,src/lib/invoices.ts,2,0.142857
src/lib/cron-dispatch.ts,src/lib/orders.ts,3,0.272727
src/lib/cron-dispatch.ts,src/pages/api/checkout.ts,5,0.238095
src/lib/cron-dispatch.ts,src/pages/api/staff/ai/generate-product-content.ts,2,0.153846
src/lib/cron-dispatch.ts,src/pages/api/staff/orders/create.ts,7,0.466667
src/lib/cron-dispatch.ts,src/queues/consumers.ts,5,0.312500
src/lib/cron-dispatch.ts,wrangler.jsonc,4,0.235294
src/lib/do-client.ts,src/lib/inventory.ts,3,0.333333
src/lib/do-client.ts,src/lib/invoices.ts,2,0.166667
src/lib/do-client.ts,src/lib/orders.ts,2,0.200000
src/lib/do-client.ts,src/pages/api/staff/ai/generate-product-content.ts,3,0.300000
src/lib/do-client.ts,src/pages/api/staff/orders/create.ts,2,0.111111
src/lib/inventory.ts,src/pages/api/checkout.ts,4,0.222222
src/lib/inventory.ts,wrangler.jsonc,3,0.214286
src/lib/invoices.ts,src/pages/api/checkout.ts,2,0.090909
src/lib/invoices.ts,src/pages/api/staff/ai/generate-product-content.ts,2,0.181818
src/lib/invoices.ts,src/pages/api/staff/orders/create.ts,2,0.111111
src/lib/invoices.ts,src/queues/consumers.ts,3,0.187500
src/lib/invoices.ts,wrangler.jsonc,2,0.117647
src/lib/orders.ts,src/pages/api/checkout.ts,4,0.222222
src/lib/orders.ts,wrangler.jsonc,3,0.214286
src/pages/api/buy-now/submit.ts,src/pages/api/staff/ai/generate-product-content.ts,2,0.200000
src/pages/api/buy-now/submit.ts,wrangler.jsonc,2,0.125000
src/pages/api/checkout.ts,src/pages/api/staff/ai/generate-product-content.ts,4,0.210526
src/pages/api/checkout.ts,src/pages/api/staff/orders/create.ts,7,0.304348
src/pages/api/checkout.ts,wrangler.jsonc,6,0.260870
src/pages/api/staff/ai/generate-product-content.ts,src/pages/api/staff/orders/create.ts,2,0.117647
src/pages/api/staff/ai/generate-product-content.ts,src/queues/consumers.ts,4,0.285714
src/pages/api/staff/ai/generate-product-content.ts,wrangler.jsonc,3,0.200000
src/pages/api/staff/orders/create.ts,wrangler.jsonc,3,0.136364
package.json,src/do/budget-counter-do.ts,2,0.068966
package.json,src/lib/cron-dispatch.ts,7,0.250000
package.json,src/lib/email.ts,2,0.071429
package.json,src/lib/invoices.ts,2,0.064516
package.json,src/pages/products/[slug].astro,3,0.107143
src/lib/cron-dispatch.ts,src/lib/email.ts,2,0.181818
src/lib/cron-dispatch.ts,src/pages/products/[slug].astro,3,0.272727
src/lib/email.ts,src/pages/products/[slug].astro,2,0.285714
src/pages/api/staff/orders/create.ts,src/pages/products/[slug].astro,3,0.200000
src/pages/products/[slug].astro,src/queues/consumers.ts,2,0.133333
README.md,src/generated/csp-hashes.ts,2,0.125000
README.md,src/pages/products/[slug].astro,2,0.153846
package.json,src/entry-cloudflare.ts,7,0.250000
package.json,src/env.d.ts,9,0.290323
package.json,src/lib/do-client.ts,3,0.100000
package.json,src/lib/fraud.ts,2,0.066667
package.json,src/lib/payments.ts,5,0.178571
package.json,src/pages/api/checkout.ts,8,0.228571
package.json,src/pages/api/staff/ai/generate-product-content.ts,3,0.103448
package.json,tests/fraud.test.ts,2,0.076923
package.json,tests/pos-invoices.test.ts,2,0.074074
package.json,wrangler.jsonc,6,0.187500
src/do/cart-do.ts,src/env.d.ts,2,0.133333
src/do/cart-do.ts,src/lib/do-client.ts,2,0.250000
src/do/cart-do.ts,src/lib/totp.ts,2,0.666667
src/do/cart-do.ts,src/lib/web-vitals.ts,2,0.666667
src/do/cart-do.ts,src/pages/api/checkout.ts,2,0.111111
src/do/cart-do.ts,src/pages/api/staff/ai/generate-product-content.ts,2,0.285714
src/do/cart-do.ts,src/pages/api/staff/login.ts,2,0.117647
src/do/cart-do.ts,wrangler.jsonc,2,0.153846
src/entry-cloudflare.ts,src/lib/payments.ts,2,0.142857
src/entry-cloudflare.ts,src/pages/api/staff/login.ts,5,0.250000
src/env.d.ts,src/lib/fraud.ts,2,0.111111
src/env.d.ts,src/lib/payments.ts,2,0.105263
src/env.d.ts,src/lib/totp.ts,2,0.142857
src/env.d.ts,src/lib/web-vitals.ts,2,0.142857
src/env.d.ts,tests/pos-invoices.test.ts,2,0.133333
src/lib/do-client.ts,src/lib/fraud.ts,2,0.181818
src/lib/do-client.ts,src/lib/payments.ts,2,0.166667
src/lib/do-client.ts,src/lib/totp.ts,2,0.285714
src/lib/do-client.ts,src/lib/web-vitals.ts,2,0.285714
src/lib/do-client.ts,src/pages/api/staff/login.ts,4,0.210526
src/lib/fraud.ts,src/lib/totp.ts,2,0.333333
src/lib/fraud.ts,src/lib/web-vitals.ts,2,0.333333
src/lib/fraud.ts,src/pages/api/checkout.ts,3,0.150000
src/lib/fraud.ts,src/pages/api/staff/ai/generate-product-content.ts,2,0.200000
src/lib/fraud.ts,src/pages/api/staff/login.ts,3,0.157895
src/lib/fraud.ts,tests/fraud.test.ts,2,0.333333
src/lib/fraud.ts,wrangler.jsonc,2,0.125000
src/lib/payments.ts,src/pages/api/checkout.ts,4,0.200000
src/lib/payments.ts,src/pages/api/staff/ai/generate-product-content.ts,2,0.181818
src/lib/payments.ts,src/pages/api/staff/login.ts,4,0.210526
src/lib/payments.ts,tests/fraud.test.ts,2,0.285714
src/lib/payments.ts,wrangler.jsonc,2,0.117647
src/lib/totp.ts,src/lib/web-vitals.ts,2,1.000000
src/lib/totp.ts,src/pages/api/checkout.ts,2,0.117647
src/lib/totp.ts,src/pages/api/staff/ai/generate-product-content.ts,2,0.333333
src/lib/totp.ts,src/pages/api/staff/login.ts,2,0.125000
src/lib/totp.ts,src/queues/consumers.ts,2,0.166667
src/lib/totp.ts,wrangler.jsonc,2,0.166667
src/lib/web-vitals.ts,src/pages/api/checkout.ts,2,0.117647
src/lib/web-vitals.ts,src/pages/api/staff/ai/generate-product-content.ts,2,0.333333
src/lib/web-vitals.ts,src/pages/api/staff/login.ts,2,0.125000
src/lib/web-vitals.ts,src/queues/consumers.ts,2,0.166667
src/lib/web-vitals.ts,wrangler.jsonc,2,0.166667
src/pages/api/checkout.ts,src/pages/api/staff/login.ts,9,0.375000
src/pages/api/checkout.ts,tests/fraud.test.ts,2,0.117647
src/pages/api/staff/ai/generate-product-content.ts,src/pages/api/staff/login.ts,4,0.222222
src/pages/api/staff/login.ts,src/queues/consumers.ts,5,0.217391
src/pages/api/staff/login.ts,tests/fraud.test.ts,2,0.125000
AGENTS.md,src/lib/fraud.ts,2,0.333333
Bug_fixing_prompt.md,src/lib/cache-api.ts,2,0.500000
Bug_fixing_prompt.md,src/pages/api/checkout.ts,2,0.117647
Bug_fixing_prompt.md,src/pages/api/staff/ai/generate-product-content.ts,2,0.333333
Bug_fixing_prompt.md,src/pages/api/staff/login.ts,2,0.125000
Bug_fixing_prompt.md,src/queues/consumers.ts,2,0.166667
Master_Prompt.md,src/do/variant-inventory-do.ts,2,0.285714
Master_Prompt.md,src/env.d.ts,2,0.142857
Master_Prompt.md,src/lib/cache-api.ts,2,0.500000
Master_Prompt.md,src/lib/do-client.ts,2,0.285714
Master_Prompt.md,src/lib/order-state-machine.ts,2,1.000000
Master_Prompt.md,src/pages/api/checkout.ts,2,0.117647
Master_Prompt.md,src/pages/api/staff/login.ts,2,0.125000
Master_Prompt.md,src/queues/consumers.ts,2,0.166667
Master_Prompt.md,wrangler.jsonc,2,0.166667
Zabir_Boutiques_Master_Plan.md,wrangler.jsonc,2,0.142857
src/do/variant-inventory-do.ts,src/env.d.ts,2,0.105263
src/do/variant-inventory-do.ts,src/lib/order-state-machine.ts,2,0.285714
src/do/variant-inventory-do.ts,src/pages/api/staff/login.ts,2,0.095238
src/env.d.ts,src/lib/cache-api.ts,2,0.125000
src/env.d.ts,src/lib/order-state-machine.ts,2,0.142857
src/env.d.ts,src/lib/password.ts,2,0.142857
src/env.d.ts,src/pages/api/staff/uploads.ts,2,0.111111
src/env.d.ts,src/pages/categories/[slug].astro,2,0.142857
src/env.d.ts,src/pages/index.astro,3,0.200000
src/env.d.ts,src/pages/staff/orders/[id].astro,2,0.100000
src/lib/cache-api.ts,src/lib/do-client.ts,2,0.222222
src/lib/cache-api.ts,src/lib/order-state-machine.ts,2,0.500000
src/lib/cache-api.ts,src/pages/api/checkout.ts,3,0.166667
src/lib/cache-api.ts,src/pages/api/staff/ai/generate-product-content.ts,2,0.250000
src/lib/cache-api.ts,src/pages/api/staff/login.ts,3,0.176471
src/lib/cache-api.ts,wrangler.jsonc,2,0.142857
src/lib/do-client.ts,src/lib/order-state-machine.ts,2,0.285714
src/lib/do-client.ts,src/pages/categories/[slug].astro,2,0.285714
src/lib/do-client.ts,src/pages/index.astro,2,0.222222
src/lib/invoices.ts,src/pages/api/staff/login.ts,2,0.095238
src/lib/invoices.ts,src/pages/staff/orders/[id].astro,2,0.153846
src/lib/order-state-machine.ts,src/pages/api/checkout.ts,2,0.117647
src/lib/order-state-machine.ts,src/pages/api/staff/login.ts,2,0.125000
src/lib/order-state-machine.ts,src/queues/consumers.ts,2,0.166667
src/lib/order-state-machine.ts,wrangler.jsonc,2,0.166667
src/lib/password.ts,src/pages/api/staff/ai/generate-product-content.ts,2,0.333333
src/lib/password.ts,src/pages/api/staff/login.ts,2,0.125000
src/lib/password.ts,src/pages/staff/orders/[id].astro,2,0.250000
src/pages/api/checkout.ts,src/pages/categories/[slug].astro,2,0.117647
src/pages/api/checkout.ts,src/pages/index.astro,3,0.166667
src/pages/api/staff/ai/generate-product-content.ts,src/pages/staff/orders/[id].astro,2,0.166667
src/pages/api/staff/login.ts,src/pages/api/staff/uploads.ts,2,0.100000
src/pages/api/staff/login.ts,src/pages/categories/[slug].astro,2,0.125000
src/pages/api/staff/login.ts,src/pages/index.astro,3,0.176471
src/pages/api/staff/login.ts,src/pages/staff/orders/[id].astro,5,0.263158
src/pages/api/staff/uploads.ts,src/pages/staff/orders/[id].astro,2,0.166667
src/pages/categories/[slug].astro,src/pages/index.astro,2,0.500000
src/pages/categories/[slug].astro,src/queues/consumers.ts,2,0.166667
src/pages/categories/[slug].astro,wrangler.jsonc,2,0.166667
src/pages/index.astro,src/queues/consumers.ts,2,0.142857
src/pages/index.astro,wrangler.jsonc,3,0.230769
src/components/staff/StepUpRequired.astro,src/lib/rbac.ts,2,0.181818
src/components/staff/StepUpRequired.astro,src/pages/staff/api-code/index.astro,2,0.250000
src/components/staff/StepUpRequired.astro,src/pages/staff/media/index.astro,2,0.500000
src/components/staff/StepUpRequired.astro,src/pages/staff/products/index.astro,2,0.222222
src/components/staff/StepUpRequired.astro,src/pages/staff/sales/new.astro,2,0.333333
src/layouts/StaffLayout.astro,src/lib/rbac.ts,3,0.214286
src/layouts/StaffLayout.astro,src/pages/staff/api-code/index.astro,3,0.272727
src/layouts/StaffLayout.astro,src/pages/staff/coupons/index.astro,3,0.375000
src/layouts/StaffLayout.astro,src/pages/staff/fraud/index.astro,3,0.375000
src/layouts/StaffLayout.astro,src/pages/staff/media/index.astro,2,0.250000
src/layouts/StaffLayout.astro,src/pages/staff/orders/[id].astro,3,0.272727
src/layouts/StaffLayout.astro,src/pages/staff/products/index.astro,3,0.250000
src/layouts/StaffLayout.astro,src/pages/staff/sales/new.astro,3,0.333333
src/lib/invoices.ts,src/lib/rbac.ts,2,0.125000
src/lib/invoices.ts,src/pages/api/staff/invoices/index.ts,3,0.375000
src/lib/rbac.ts,src/pages/staff/api-code/index.astro,2,0.117647
src/lib/rbac.ts,src/pages/staff/coupons/index.astro,2,0.142857
src/lib/rbac.ts,src/pages/staff/media/index.astro,2,0.153846
src/lib/rbac.ts,src/pages/staff/orders/[id].astro,2,0.117647
src/lib/rbac.ts,src/pages/staff/products/index.astro,2,0.111111
src/lib/rbac.ts,src/pages/staff/sales/new.astro,2,0.133333
src/pages/staff/api-code/index.astro,src/pages/staff/orders/[id].astro,4,0.333333
src/pages/staff/coupons/index.astro,src/pages/staff/orders/[id].astro,3,0.300000
src/pages/staff/fraud/index.astro,src/pages/staff/orders/[id].astro,3,0.300000
src/pages/staff/media/index.astro,src/pages/staff/orders/[id].astro,2,0.200000
src/pages/staff/orders/[id].astro,src/pages/staff/products/index.astro,5,0.416667
src/pages/staff/orders/[id].astro,src/pages/staff/sales/new.astro,4,0.400000
astro.config.mjs,package.json,8,0.266667
astro.config.mjs,src/components/product/ProductCard.astro,2,0.153846
astro.config.mjs,src/islands/GuestCheckout.tsx,2,0.133333
astro.config.mjs,src/lib/maintenance/inventory-reconcile.ts,2,0.142857
astro.config.mjs,src/lib/maintenance/reconciliation.ts,2,0.133333
astro.config.mjs,src/lib/rbac.ts,3,0.150000
astro.config.mjs,src/middleware.ts,6,0.300000
astro.config.mjs,src/pages/api/payments/webhook.ts,5,0.333333
astro.config.mjs,src/pages/api/staff/login.ts,5,0.217391
astro.config.mjs,src/pages/api/staff/returns/[id]/approve.ts,2,0.133333
astro.config.mjs,src/pages/index.astro,2,0.142857
package.json,src/components/product/ProductCard.astro,2,0.074074
package.json,src/islands/GuestCheckout.tsx,2,0.068966
package.json,src/lib/inventory.ts,3,0.107143
package.json,src/lib/maintenance/inventory-reconcile.ts,4,0.153846
package.json,src/lib/maintenance/reconciliation.ts,3,0.107143
package.json,src/lib/rbac.ts,6,0.193548
package.json,src/pages/api/payments/webhook.ts,6,0.214286
package.json,src/pages/api/staff/returns/[id]/approve.ts,4,0.148148
package.json,src/pages/index.astro,2,0.071429
src/components/product/ProductCard.astro,src/env.d.ts,2,0.133333
src/components/product/ProductCard.astro,src/islands/GuestCheckout.tsx,2,0.333333
src/components/product/ProductCard.astro,src/lib/cron-dispatch.ts,2,0.200000
src/components/product/ProductCard.astro,src/lib/rbac.ts,2,0.166667
src/components/product/ProductCard.astro,src/middleware.ts,2,0.133333
src/components/product/ProductCard.astro,src/pages/api/checkout.ts,2,0.111111
src/components/product/ProductCard.astro,src/pages/api/payments/webhook.ts,2,0.222222
src/components/product/ProductCard.astro,src/pages/api/staff/login.ts,2,0.117647
src/components/product/ProductCard.astro,src/pages/index.astro,2,0.400000
src/components/product/ProductCard.astro,wrangler.jsonc,2,0.153846
src/env.d.ts,src/islands/GuestCheckout.tsx,2,0.117647
src/env.d.ts,src/lib/maintenance/inventory-reconcile.ts,2,0.125000
src/env.d.ts,src/lib/maintenance/reconciliation.ts,2,0.117647
src/env.d.ts,src/lib/rbac.ts,4,0.190476
src/env.d.ts,src/middleware.ts,6,0.272727
src/env.d.ts,src/pages/api/payments/webhook.ts,3,0.157895
src/env.d.ts,src/pages/api/staff/returns/[id]/approve.ts,2,0.117647
src/islands/GuestCheckout.tsx,src/lib/cron-dispatch.ts,2,0.166667
src/islands/GuestCheckout.tsx,src/lib/rbac.ts,2,0.142857
src/islands/GuestCheckout.tsx,src/middleware.ts,2,0.117647
src/islands/GuestCheckout.tsx,src/pages/api/payments/webhook.ts,2,0.181818
src/islands/GuestCheckout.tsx,src/pages/api/staff/login.ts,2,0.105263
src/islands/GuestCheckout.tsx,src/pages/index.astro,3,0.500000
src/islands/GuestCheckout.tsx,wrangler.jsonc,2,0.133333
src/lib/cron-dispatch.ts,src/lib/maintenance/inventory-reconcile.ts,3,0.300000
src/lib/cron-dispatch.ts,src/lib/maintenance/reconciliation.ts,3,0.272727
src/lib/cron-dispatch.ts,src/lib/payments.ts,2,0.142857
src/lib/cron-dispatch.ts,src/lib/rbac.ts,4,0.250000
src/lib/cron-dispatch.ts,src/middleware.ts,5,0.277778
src/lib/cron-dispatch.ts,src/pages/api/payments/webhook.ts,5,0.416667
src/lib/cron-dispatch.ts,src/pages/api/staff/login.ts,4,0.190476
src/lib/cron-dispatch.ts,src/pages/api/staff/returns/[id]/approve.ts,3,0.272727
src/lib/cron-dispatch.ts,src/pages/index.astro,2,0.181818
src/lib/do-client.ts,src/lib/maintenance/inventory-reconcile.ts,2,0.222222
src/lib/do-client.ts,src/lib/maintenance/reconciliation.ts,2,0.200000
src/lib/do-client.ts,src/lib/rbac.ts,2,0.125000
src/lib/do-client.ts,src/middleware.ts,2,0.105263
src/lib/do-client.ts,src/pages/api/payments/webhook.ts,2,0.153846
src/lib/do-client.ts,src/pages/api/staff/returns/[id]/approve.ts,2,0.200000
src/lib/inventory.ts,src/lib/maintenance/inventory-reconcile.ts,2,0.285714
src/lib/inventory.ts,src/lib/rbac.ts,2,0.142857
src/lib/inventory.ts,src/middleware.ts,3,0.187500
src/lib/inventory.ts,src/pages/api/payments/webhook.ts,3,0.300000
src/lib/inventory.ts,src/pages/api/staff/login.ts,3,0.166667
src/lib/maintenance/inventory-reconcile.ts,src/lib/maintenance/reconciliation.ts,2,0.285714
src/lib/maintenance/inventory-reconcile.ts,src/lib/payments.ts,2,0.222222
src/lib/maintenance/inventory-reconcile.ts,src/lib/rbac.ts,3,0.250000
src/lib/maintenance/inventory-reconcile.ts,src/middleware.ts,2,0.125000
src/lib/maintenance/inventory-reconcile.ts,src/pages/api/checkout.ts,2,0.105263
src/lib/maintenance/inventory-reconcile.ts,src/pages/api/payments/webhook.ts,2,0.200000
src/lib/maintenance/inventory-reconcile.ts,src/pages/api/staff/login.ts,2,0.111111
src/lib/maintenance/inventory-reconcile.ts,src/pages/api/staff/returns/[id]/approve.ts,3,0.500000
src/lib/maintenance/inventory-reconcile.ts,src/queues/consumers.ts,2,0.142857
src/lib/maintenance/inventory-reconcile.ts,wrangler.jsonc,2,0.142857
src/lib/maintenance/reconciliation.ts,src/lib/rbac.ts,3,0.230769
src/lib/maintenance/reconciliation.ts,src/middleware.ts,3,0.187500
src/lib/maintenance/reconciliation.ts,src/pages/api/checkout.ts,3,0.157895
src/lib/maintenance/reconciliation.ts,src/pages/api/payments/webhook.ts,3,0.300000
src/lib/maintenance/reconciliation.ts,src/pages/api/staff/login.ts,3,0.166667
src/lib/maintenance/reconciliation.ts,wrangler.jsonc,2,0.133333
src/lib/payments.ts,src/lib/rbac.ts,3,0.200000
src/lib/payments.ts,src/middleware.ts,3,0.166667
src/lib/payments.ts,src/pages/api/payments/webhook.ts,3,0.250000
src/lib/rbac.ts,src/middleware.ts,7,0.388889
src/lib/rbac.ts,src/pages/api/checkout.ts,4,0.166667
src/lib/rbac.ts,src/pages/api/payments/webhook.ts,4,0.266667
src/lib/rbac.ts,src/pages/api/staff/login.ts,6,0.285714
src/lib/rbac.ts,src/pages/api/staff/returns/[id]/approve.ts,4,0.333333
src/lib/rbac.ts,src/pages/index.astro,2,0.153846
src/lib/rbac.ts,src/queues/consumers.ts,3,0.150000
src/lib/rbac.ts,wrangler.jsonc,4,0.210526
src/middleware.ts,src/pages/api/checkout.ts,6,0.240000
src/middleware.ts,src/pages/api/payments/webhook.ts,5,0.294118
src/middleware.ts,src/pages/api/staff/login.ts,7,0.304348
src/middleware.ts,src/pages/api/staff/returns/[id]/approve.ts,3,0.187500
src/middleware.ts,src/pages/index.astro,2,0.125000
src/middleware.ts,src/queues/consumers.ts,3,0.130435
src/middleware.ts,wrangler.jsonc,5,0.238095
src/pages/api/checkout.ts,src/pages/api/payments/webhook.ts,7,0.388889
src/pages/api/checkout.ts,src/pages/api/staff/returns/[id]/approve.ts,3,0.157895
src/pages/api/payments/webhook.ts,src/pages/api/staff/login.ts,6,0.333333
src/pages/api/payments/webhook.ts,src/pages/api/staff/returns/[id]/approve.ts,3,0.300000
src/pages/api/payments/webhook.ts,src/pages/index.astro,2,0.200000
src/pages/api/payments/webhook.ts,src/queues/consumers.ts,3,0.176471
src/pages/api/payments/webhook.ts,wrangler.jsonc,3,0.176471
src/pages/api/staff/login.ts,src/pages/api/staff/returns/[id]/approve.ts,3,0.166667
src/pages/api/staff/returns/[id]/approve.ts,wrangler.jsonc,2,0.133333
src/lib/invoices.ts,src/lib/staff-menu.ts,2,0.142857
src/lib/invoices.ts,src/pages/staff/sales/instore.astro,2,0.166667
src/lib/invoices.ts,src/pages/staff/sales/pos-history.astro,2,0.250000
src/lib/invoices.ts,src/pages/staff/sales/pos.astro,2,0.250000
src/lib/rbac.ts,src/lib/staff-menu.ts,4,0.250000
src/lib/rbac.ts,src/pages/api/staff/logout.ts,5,0.454545
src/lib/rbac.ts,src/pages/staff/login.astro,2,0.125000
src/lib/rbac.ts,src/pages/staff/sales/instore.astro,2,0.125000
src/lib/staff-menu.ts,src/middleware.ts,2,0.095238
src/lib/staff-menu.ts,src/pages/api/staff/logout.ts,2,0.166667
src/lib/staff-menu.ts,src/pages/staff/sales/instore.astro,2,0.142857
src/lib/staff-menu.ts,src/pages/staff/sales/pos-history.astro,2,0.200000
src/lib/staff-menu.ts,src/pages/staff/sales/pos.astro,2,0.200000
src/middleware.ts,src/pages/api/staff/logout.ts,4,0.266667
src/middleware.ts,src/pages/staff/sales/instore.astro,2,0.105263
src/pages/api/staff/login.ts,src/pages/api/staff/logout.ts,4,0.235294
src/pages/api/staff/login.ts,src/pages/staff/sales/instore.astro,2,0.095238
src/pages/api/staff/logout.ts,src/pages/staff/login.astro,2,0.200000
src/lib/invoices.ts,src/pages/api/staff/invoices/[id]/index.ts,2,0.285714
src/lib/invoices.ts,src/pages/api/staff/invoices/[id]/print.ts,2,0.285714
src/lib/invoices.ts,src/pages/api/staff/invoices/[id]/void.ts,2,0.285714
src/lib/invoices.ts,tests/pos-invoices.test.ts,2,0.250000
src/pages/api/staff/invoices/[id]/index.ts,src/pages/api/staff/invoices/[id]/print.ts,2,1.000000
src/pages/api/staff/invoices/[id]/index.ts,src/pages/api/staff/invoices/[id]/void.ts,2,1.000000
src/pages/api/staff/invoices/[id]/index.ts,src/pages/api/staff/invoices/index.ts,2,0.500000
src/pages/api/staff/invoices/[id]/index.ts,tests/pos-invoices.test.ts,2,0.666667
src/pages/api/staff/invoices/[id]/print.ts,src/pages/api/staff/invoices/[id]/void.ts,2,1.000000
src/pages/api/staff/invoices/[id]/print.ts,src/pages/api/staff/invoices/index.ts,2,0.500000
src/pages/api/staff/invoices/[id]/print.ts,tests/pos-invoices.test.ts,2,0.666667
src/pages/api/staff/invoices/[id]/void.ts,src/pages/api/staff/invoices/index.ts,2,0.500000
src/pages/api/staff/invoices/[id]/void.ts,tests/pos-invoices.test.ts,2,0.666667
src/pages/api/staff/invoices/index.ts,tests/pos-invoices.test.ts,2,0.400000
src/lib/staff-pos-invoice.ts,src/pages/api/staff/orders/[id]/invoice.ts,2,1.000000
src/lib/staff-pos-invoice.ts,tests/staff-pos-invoice.test.ts,2,1.000000
src/pages/api/staff/orders/[id]/invoice.ts,tests/staff-pos-invoice.test.ts,2,1.000000
src/pages/staff/orders/[id].astro,src/pages/staff/sales/instore.astro,3,0.250000
src/env.d.ts,src/lib/staff-menu.ts,2,0.095238
src/lib/staff-menu.ts,src/pages/staff/sales/index.astro,2,0.181818
package.json,src/lib/checkout-pricing.ts,3,0.107143
package.json,src/lib/maintenance/backup.ts,5,0.178571
package.json,tests/backup-drill.test.ts,2,0.076923
package.json,tests/inventory-reconcile.test.ts,2,0.076923
src/lib/checkout-pricing.ts,src/lib/maintenance/backup.ts,3,0.333333
src/lib/checkout-pricing.ts,src/lib/maintenance/inventory-reconcile.ts,2,0.285714
src/lib/checkout-pricing.ts,src/lib/payments.ts,2,0.200000
src/lib/checkout-pricing.ts,src/lib/rbac.ts,2,0.142857
src/lib/checkout-pricing.ts,src/pages/api/staff/returns/[id]/approve.ts,2,0.250000
src/lib/checkout-pricing.ts,tests/backup-drill.test.ts,2,0.400000
src/lib/checkout-pricing.ts,tests/inventory-reconcile.test.ts,2,0.400000
src/lib/maintenance/backup.ts,src/lib/maintenance/inventory-reconcile.ts,3,0.375000
src/lib/maintenance/backup.ts,src/lib/payments.ts,2,0.166667
src/lib/maintenance/backup.ts,src/lib/rbac.ts,3,0.200000
src/lib/maintenance/backup.ts,src/pages/api/staff/returns/[id]/approve.ts,3,0.333333
src/lib/maintenance/backup.ts,tests/backup-drill.test.ts,2,0.285714
src/lib/maintenance/backup.ts,tests/inventory-reconcile.test.ts,2,0.285714
src/lib/maintenance/inventory-reconcile.ts,tests/backup-drill.test.ts,2,0.500000
src/lib/maintenance/inventory-reconcile.ts,tests/inventory-reconcile.test.ts,2,0.500000
tests/backup-drill.test.ts,tests/inventory-reconcile.test.ts,2,1.000000
package.json,scripts/migrate.ts,2,0.076923
package.json,src/lib/maintenance/archive.ts,3,0.115385
package.json,tests/checkout.test.ts,2,0.071429
src/lib/checkout-pricing.ts,src/lib/maintenance/archive.ts,2,0.333333
src/lib/checkout-pricing.ts,tests/checkout.test.ts,2,0.285714
src/lib/cron-dispatch.ts,src/lib/maintenance/archive.ts,3,0.333333
src/lib/cron-dispatch.ts,src/lib/maintenance/backup.ts,4,0.333333
src/lib/cron-dispatch.ts,tests/checkout.test.ts,3,0.300000
src/lib/maintenance/archive.ts,src/lib/maintenance/backup.ts,3,0.428571
README.md,package.json,4,0.125000
README.md,scripts/csp-hashes-plugin.mjs,2,0.200000
README.md,src/entry-cloudflare.ts,3,0.187500
README.md,src/lib/ai-client.ts,2,0.181818
README.md,src/lib/content-moderation.ts,2,0.200000
README.md,src/lib/cron-dispatch.ts,2,0.117647
README.md,src/lib/maintenance/partial-prepay.ts,2,0.181818
README.md,src/lib/payments.ts,2,0.133333
README.md,src/lib/rbac.ts,2,0.105263
README.md,src/middleware.ts,4,0.200000
README.md,src/pages/api/payments/create.ts,2,0.142857
README.md,src/pages/api/payments/webhook.ts,3,0.200000
README.md,src/pages/api/staff/login.ts,3,0.130435
README.md,src/pages/api/staff/logout.ts,2,0.153846
README.md,src/pages/api/staff/orders/[id]/confirm.ts,2,0.133333
README.md,src/pages/api/staff/orders/create.ts,2,0.095238
package.json,scripts/csp-hashes-plugin.mjs,2,0.076923
package.json,src/lib/ai-client.ts,2,0.074074
package.json,src/lib/analytics.ts,2,0.076923
package.json,src/lib/audit.ts,3,0.111111
package.json,src/lib/cache-api.ts,2,0.071429
package.json,src/lib/content-moderation.ts,2,0.076923
package.json,src/lib/maintenance/partial-prepay.ts,2,0.074074
package.json,src/lib/maintenance/sitemap.ts,2,0.076923
package.json,src/pages/api/payments/create.ts,2,0.066667
package.json,src/pages/api/staff/logout.ts,2,0.068966
package.json,src/pages/api/staff/orders/[id]/confirm.ts,3,0.100000
scripts/csp-hashes-plugin.mjs,src/entry-cloudflare.ts,2,0.222222
scripts/csp-hashes-plugin.mjs,src/lib/ai-client.ts,2,0.666667
scripts/csp-hashes-plugin.mjs,src/lib/content-moderation.ts,2,1.000000
scripts/csp-hashes-plugin.mjs,src/middleware.ts,2,0.142857
src/entry-cloudflare.ts,src/lib/ai-client.ts,2,0.200000
src/entry-cloudflare.ts,src/lib/analytics.ts,2,0.222222
src/entry-cloudflare.ts,src/lib/cache-api.ts,2,0.181818
src/entry-cloudflare.ts,src/lib/content-moderation.ts,2,0.222222
src/entry-cloudflare.ts,src/lib/maintenance/backup.ts,2,0.142857
src/entry-cloudflare.ts,src/lib/maintenance/partial-prepay.ts,2,0.200000
src/entry-cloudflare.ts,src/lib/maintenance/reconciliation.ts,2,0.166667
src/entry-cloudflare.ts,src/lib/maintenance/sitemap.ts,2,0.222222
src/entry-cloudflare.ts,src/lib/rbac.ts,3,0.176471
src/entry-cloudflare.ts,src/middleware.ts,5,0.277778
src/entry-cloudflare.ts,src/pages/api/payments/webhook.ts,3,0.214286
src/entry-cloudflare.ts,src/pages/api/staff/logout.ts,2,0.166667
src/entry-cloudflare.ts,src/pages/api/staff/orders/[id]/confirm.ts,2,0.142857
src/entry-cloudflare.ts,src/pages/api/staff/returns/[id]/approve.ts,2,0.166667
src/lib/ai-client.ts,src/lib/content-moderation.ts,2,0.666667
src/lib/ai-client.ts,src/middleware.ts,2,0.133333
src/lib/analytics.ts,src/lib/cache-api.ts,2,0.500000
src/lib/analytics.ts,src/lib/cron-dispatch.ts,2,0.222222
src/lib/analytics.ts,src/lib/maintenance/backup.ts,2,0.285714
src/lib/analytics.ts,src/lib/maintenance/reconciliation.ts,2,0.400000
src/lib/analytics.ts,src/lib/maintenance/sitemap.ts,2,1.000000
src/lib/analytics.ts,src/lib/rbac.ts,2,0.181818
src/lib/analytics.ts,src/middleware.ts,2,0.142857
src/lib/analytics.ts,src/pages/api/checkout.ts,2,0.117647
src/lib/analytics.ts,src/pages/api/payments/webhook.ts,2,0.250000
src/lib/analytics.ts,src/pages/api/staff/login.ts,2,0.125000
src/lib/analytics.ts,src/pages/api/staff/orders/create.ts,2,0.153846
src/lib/analytics.ts,src/pages/api/staff/returns/[id]/approve.ts,2,0.400000
src/lib/analytics.ts,src/queues/consumers.ts,2,0.166667
src/lib/audit.ts,src/lib/cron-dispatch.ts,2,0.181818
src/lib/audit.ts,src/lib/maintenance/archive.ts,2,0.400000
src/lib/audit.ts,src/lib/maintenance/backup.ts,2,0.222222
src/lib/audit.ts,src/lib/rbac.ts,2,0.153846
src/lib/audit.ts,src/middleware.ts,2,0.125000
src/lib/audit.ts,src/pages/api/staff/ai/generate-product-content.ts,2,0.250000
src/lib/audit.ts,src/pages/api/staff/login.ts,3,0.176471
src/lib/audit.ts,src/pages/api/staff/logout.ts,2,0.285714
src/lib/audit.ts,src/pages/api/staff/orders/[id]/confirm.ts,2,0.222222
src/lib/audit.ts,src/pages/api/staff/orders/create.ts,2,0.133333
src/lib/cache-api.ts,src/lib/cron-dispatch.ts,2,0.181818
src/lib/cache-api.ts,src/lib/maintenance/backup.ts,2,0.222222
src/lib/cache-api.ts,src/lib/maintenance/sitemap.ts,2,0.500000
src/lib/cache-api.ts,src/lib/rbac.ts,2,0.153846
src/lib/cache-api.ts,src/middleware.ts,2,0.125000
src/lib/cache-api.ts,src/pages/api/payments/webhook.ts,2,0.200000
src/lib/checkout-pricing.ts,src/middleware.ts,2,0.117647
src/lib/checkout-pricing.ts,src/pages/api/staff/login.ts,2,0.105263
src/lib/content-moderation.ts,src/middleware.ts,2,0.142857
src/lib/cron-dispatch.ts,src/lib/maintenance/partial-prepay.ts,2,0.200000
src/lib/cron-dispatch.ts,src/lib/maintenance/sitemap.ts,2,0.222222
src/lib/cron-dispatch.ts,src/pages/api/staff/logout.ts,2,0.166667
src/lib/cron-dispatch.ts,src/pages/api/staff/orders/[id]/confirm.ts,3,0.230769
src/lib/maintenance/archive.ts,src/middleware.ts,2,0.133333
src/lib/maintenance/archive.ts,src/pages/api/staff/orders/create.ts,2,0.142857
src/lib/maintenance/backup.ts,src/lib/maintenance/reconciliation.ts,2,0.200000
src/lib/maintenance/backup.ts,src/lib/maintenance/sitemap.ts,2,0.285714
src/lib/maintenance/backup.ts,src/middleware.ts,3,0.166667
src/lib/maintenance/backup.ts,src/pages/api/checkout.ts,2,0.090909
src/lib/maintenance/backup.ts,src/pages/api/payments/webhook.ts,2,0.153846
src/lib/maintenance/backup.ts,src/pages/api/staff/login.ts,2,0.095238
src/lib/maintenance/backup.ts,src/pages/api/staff/orders/create.ts,3,0.176471
src/lib/maintenance/partial-prepay.ts,src/lib/rbac.ts,2,0.166667
src/lib/maintenance/partial-prepay.ts,src/middleware.ts,2,0.133333
src/lib/maintenance/partial-prepay.ts,src/pages/api/checkout.ts,2,0.111111
src/lib/maintenance/partial-prepay.ts,src/pages/api/payments/webhook.ts,2,0.222222
src/lib/maintenance/partial-prepay.ts,src/pages/api/staff/login.ts,2,0.117647
src/lib/maintenance/partial-prepay.ts,src/pages/api/staff/logout.ts,2,0.333333
src/lib/maintenance/reconciliation.ts,src/lib/maintenance/sitemap.ts,2,0.400000
src/lib/maintenance/sitemap.ts,src/lib/rbac.ts,2,0.181818
src/lib/maintenance/sitemap.ts,src/middleware.ts,2,0.142857
src/lib/maintenance/sitemap.ts,src/pages/api/checkout.ts,2,0.117647
src/lib/maintenance/sitemap.ts,src/pages/api/payments/webhook.ts,2,0.250000
src/lib/maintenance/sitemap.ts,src/pages/api/staff/login.ts,2,0.125000
src/lib/maintenance/sitemap.ts,src/pages/api/staff/orders/create.ts,2,0.153846
src/lib/maintenance/sitemap.ts,src/pages/api/staff/returns/[id]/approve.ts,2,0.400000
src/lib/maintenance/sitemap.ts,src/queues/consumers.ts,2,0.166667
src/lib/rbac.ts,src/pages/api/staff/orders/[id]/confirm.ts,4,0.285714
src/lib/rbac.ts,src/pages/api/staff/orders/create.ts,3,0.142857
src/middleware.ts,src/pages/api/payments/create.ts,2,0.111111
src/middleware.ts,src/pages/api/staff/orders/[id]/confirm.ts,3,0.166667
src/pages/api/checkout.ts,src/pages/api/staff/logout.ts,2,0.100000
src/pages/api/payments/create.ts,src/pages/api/payments/webhook.ts,3,0.272727
src/pages/api/payments/create.ts,src/pages/api/staff/login.ts,2,0.100000
src/pages/api/payments/create.ts,src/pages/api/staff/orders/create.ts,2,0.117647
src/pages/api/payments/webhook.ts,src/pages/api/staff/logout.ts,2,0.181818
src/pages/api/payments/webhook.ts,src/pages/api/staff/orders/[id]/confirm.ts,3,0.250000
src/pages/api/payments/webhook.ts,src/pages/api/staff/orders/create.ts,5,0.312500
src/pages/api/staff/login.ts,src/pages/api/staff/orders/[id]/confirm.ts,3,0.150000
src/pages/api/staff/login.ts,src/pages/api/staff/orders/create.ts,4,0.160000
src/pages/api/staff/logout.ts,src/pages/api/staff/orders/[id]/confirm.ts,3,0.333333
src/pages/api/staff/logout.ts,src/pages/api/staff/orders/create.ts,2,0.125000
README.md,astro.config.mjs,2,0.100000
README.md,wrangler.jsonc,2,0.100000
astro.config.mjs,src/pages/api/search.ts,2,0.166667
package.json,src/pages/api/search.ts,2,0.076923
src/entry-cloudflare.ts,src/pages/api/search.ts,2,0.222222
src/middleware.ts,src/pages/api/search.ts,2,0.142857
src/pages/api/search.ts,wrangler.jsonc,2,0.166667
astro.config.mjs,src/pages/products/[slug].astro,2,0.133333
db/migrations/0001_initial_v6_8a_schema.sql,src/lib/rbac.ts,2,0.133333
db/migrations/0001_initial_v6_8a_schema.sql,src/pages/api/payments/webhook.ts,2,0.166667
db/migrations/0001_initial_v6_8a_schema.sql,src/pages/api/staff/login.ts,2,0.100000
package.json,src/lib/orders.ts,2,0.068966
src/entry-cloudflare.ts,src/pages/products/[slug].astro,2,0.166667
src/env.d.ts,src/lib/maintenance/backup.ts,2,0.105263
src/env.d.ts,src/pages/products/[slug].astro,2,0.117647
src/lib/orders.ts,src/lib/rbac.ts,2,0.142857
src/lib/orders.ts,src/middleware.ts,2,0.117647
src/lib/orders.ts,src/pages/api/payments/webhook.ts,3,0.300000
src/lib/orders.ts,src/pages/api/staff/login.ts,2,0.105263
src/lib/orders.ts,src/pages/products/[slug].astro,2,0.250000
src/lib/rbac.ts,src/pages/products/[slug].astro,2,0.142857
src/middleware.ts,src/pages/products/[slug].astro,2,0.117647
src/pages/api/checkout.ts,src/pages/products/[slug].astro,2,0.100000
src/pages/api/payments/webhook.ts,src/pages/products/[slug].astro,2,0.181818
src/pages/api/staff/login.ts,src/pages/products/[slug].astro,2,0.105263
src/pages/products/[slug].astro,wrangler.jsonc,2,0.133333
package.json,wrangler-entry.mjs,2,0.076923
src/entry-cloudflare.ts,wrangler-entry.mjs,2,0.222222
wrangler-entry.mjs,wrangler.jsonc,2,0.166667
README.md,src/components/shell/Header.astro,2,0.153846
README.md,src/styles/global.css,2,0.133333
astro.config.mjs,src/components/shell/Header.astro,2,0.133333
astro.config.mjs,src/lib/money.ts,2,0.166667
astro.config.mjs,tests/checkout.test.ts,2,0.142857
package.json,src/components/shell/Header.astro,2,0.068966
package.json,src/components/staff/PageHeader.astro,2,0.076923
package.json,src/layouts/StaffLayout.astro,3,0.103448
package.json,src/styles/global.css,3,0.100000
src/components/product/ProductCard.astro,src/components/shell/Footer.astro,2,0.666667
src/components/product/ProductCard.astro,src/components/shell/Header.astro,2,0.333333
src/components/product/ProductCard.astro,src/islands/AddToCartButton.tsx,2,0.666667
src/components/product/ProductCard.astro,src/islands/BottomNav.tsx,2,0.666667
src/components/product/ProductCard.astro,src/styles/global.css,2,0.250000
src/components/shell/CategoryRail.astro,src/components/shell/Header.astro,2,0.400000
src/components/shell/CategoryRail.astro,src/islands/GuestCheckout.tsx,2,0.400000
src/components/shell/CategoryRail.astro,src/pages/index.astro,2,0.500000
src/components/shell/CategoryRail.astro,src/pages/order-track.astro,2,0.666667
src/components/shell/CategoryRail.astro,src/pages/products/[slug].astro,2,0.400000
src/components/shell/CategoryRail.astro,src/styles/global.css,2,0.285714
src/components/shell/Footer.astro,src/components/shell/Header.astro,2,0.400000
src/components/shell/Footer.astro,src/islands/AddToCartButton.tsx,2,1.000000
src/components/shell/Footer.astro,src/islands/BottomNav.tsx,2,1.000000
src/components/shell/Footer.astro,src/styles/global.css,2,0.285714
src/components/shell/Header.astro,src/islands/AddToCartButton.tsx,2,0.400000
src/components/shell/Header.astro,src/islands/BottomNav.tsx,2,0.400000
src/components/shell/Header.astro,src/islands/GuestCheckout.tsx,2,0.250000
src/components/shell/Header.astro,src/pages/index.astro,2,0.285714
src/components/shell/Header.astro,src/pages/order-track.astro,2,0.333333
src/components/shell/Header.astro,src/pages/products/[slug].astro,2,0.250000
src/components/shell/Header.astro,src/styles/global.css,4,0.500000
src/components/staff/PageHeader.astro,src/env.d.ts,2,0.142857
src/components/staff/PageHeader.astro,src/layouts/StaffLayout.astro,2,0.333333
src/components/staff/PageHeader.astro,src/lib/rbac.ts,2,0.181818
src/components/staff/PageHeader.astro,src/middleware.ts,2,0.142857
src/components/staff/PageHeader.astro,src/pages/api/staff/orders/[id]/confirm.ts,2,0.285714
src/components/staff/PageHeader.astro,src/pages/staff/index.astro,2,0.250000
src/entry-cloudflare.ts,tests/checkout.test.ts,2,0.181818
src/env.d.ts,src/layouts/StaffLayout.astro,3,0.176471
src/env.d.ts,src/lib/money.ts,2,0.142857
src/env.d.ts,src/pages/api/staff/orders/[id]/confirm.ts,2,0.105263
src/env.d.ts,src/pages/staff/index.astro,3,0.157895
src/env.d.ts,src/styles/global.css,2,0.105263
src/islands/AddToCartButton.tsx,src/islands/BottomNav.tsx,2,1.000000
src/islands/AddToCartButton.tsx,src/styles/global.css,2,0.285714
src/islands/BottomNav.tsx,src/styles/global.css,2,0.285714
src/islands/GuestCheckout.tsx,src/pages/api/staff/orders/create.ts,2,0.125000
src/islands/GuestCheckout.tsx,src/pages/order-track.astro,2,0.333333
src/islands/GuestCheckout.tsx,src/pages/products/[slug].astro,2,0.250000
src/islands/GuestCheckout.tsx,src/styles/global.css,2,0.200000
src/layouts/StaffLayout.astro,src/middleware.ts,2,0.111111
src/layouts/StaffLayout.astro,src/pages/api/staff/login.ts,3,0.157895
src/layouts/StaffLayout.astro,src/pages/api/staff/orders/[id]/confirm.ts,2,0.181818
src/layouts/StaffLayout.astro,src/pages/api/staff/orders/create.ts,2,0.117647
src/layouts/StaffLayout.astro,src/pages/staff/index.astro,5,0.555556
src/layouts/StaffLayout.astro,src/styles/global.css,2,0.181818
src/lib/money.ts,wrangler.jsonc,2,0.166667
src/lib/rbac.ts,src/pages/staff/index.astro,4,0.266667
src/middleware.ts,src/pages/staff/index.astro,3,0.157895
src/middleware.ts,tests/checkout.test.ts,2,0.125000
src/pages/api/checkout.ts,tests/checkout.test.ts,2,0.105263
src/pages/api/payments/webhook.ts,tests/checkout.test.ts,2,0.200000
src/pages/api/staff/login.ts,src/pages/staff/index.astro,4,0.200000
src/pages/api/staff/login.ts,src/styles/global.css,3,0.150000
src/pages/api/staff/login.ts,tests/checkout.test.ts,2,0.111111
src/pages/api/staff/logout.ts,src/pages/staff/index.astro,3,0.300000
src/pages/api/staff/logout.ts,wrangler.jsonc,2,0.133333
src/pages/api/staff/orders/[id]/confirm.ts,src/pages/staff/index.astro,3,0.250000
src/pages/api/staff/orders/[id]/confirm.ts,tests/checkout.test.ts,2,0.222222
src/pages/api/staff/orders/create.ts,src/pages/staff/index.astro,2,0.105263
src/pages/api/staff/orders/create.ts,tests/checkout.test.ts,2,0.133333
src/pages/index.astro,src/pages/order-track.astro,2,0.400000
src/pages/index.astro,src/pages/products/[slug].astro,2,0.285714
src/pages/index.astro,src/styles/global.css,2,0.222222
src/pages/order-track.astro,src/pages/products/[slug].astro,2,0.333333
src/pages/order-track.astro,src/styles/global.css,2,0.250000
src/pages/products/[slug].astro,src/styles/global.css,2,0.200000
src/pages/staff/index.astro,src/styles/global.css,2,0.153846
src/pages/staff/index.astro,wrangler.jsonc,2,0.111111
src/lib/rbac.ts,src/pages/api/staff/api-code/index.ts,3,0.250000
src/lib/rbac.ts,src/pages/staff/backups/index.astro,2,0.133333
src/lib/rbac.ts,src/pages/staff/media-admin/index.astro,2,0.133333
src/lib/rbac.ts,tests/rbac.test.ts,3,0.272727
src/lib/rbac.ts,tests/staff-menu.test.ts,3,0.230769
src/lib/staff-menu.ts,src/pages/api/staff/api-code/index.ts,3,0.300000
src/lib/staff-menu.ts,src/pages/api/staff/api-keys/index.ts,2,0.181818
src/lib/staff-menu.ts,src/pages/staff/api-code/index.astro,2,0.133333
src/lib/staff-menu.ts,src/pages/staff/backups/index.astro,3,0.250000
src/lib/staff-menu.ts,src/pages/staff/media-admin/index.astro,3,0.250000
src/lib/staff-menu.ts,src/pages/staff/products/index.astro,2,0.125000
src/lib/staff-menu.ts,src/pages/staff/settings/index.astro,2,0.153846
src/lib/staff-menu.ts,src/pages/staff/support/index.astro,2,0.166667
src/lib/staff-menu.ts,src/pages/staff/users/index.astro,2,0.153846
src/lib/staff-menu.ts,tests/phase12-extended.test.ts,2,0.222222
src/lib/staff-menu.ts,tests/rbac.test.ts,3,0.333333
src/pages/api/staff/api-code/index.ts,src/pages/api/staff/api-keys/index.ts,2,0.333333
src/pages/api/staff/api-code/index.ts,src/pages/staff/api-code/index.astro,2,0.200000
src/pages/api/staff/api-code/index.ts,src/pages/staff/backups/index.astro,3,0.428571
src/pages/api/staff/api-code/index.ts,src/pages/staff/media-admin/index.astro,3,0.428571
src/pages/api/staff/api-code/index.ts,src/pages/staff/products/index.astro,2,0.181818
src/pages/api/staff/api-code/index.ts,src/pages/staff/settings/index.astro,2,0.250000
src/pages/api/staff/api-code/index.ts,src/pages/staff/users/index.astro,2,0.250000
src/pages/api/staff/api-code/index.ts,tests/rbac.test.ts,3,0.750000
src/pages/api/staff/api-code/index.ts,tests/staff-menu.test.ts,3,0.500000
src/pages/api/staff/api-keys/index.ts,src/pages/staff/api-code/index.astro,4,0.500000
src/pages/api/staff/api-keys/index.ts,src/pages/staff/backups/index.astro,3,0.428571
src/pages/api/staff/api-keys/index.ts,src/pages/staff/media-admin/index.astro,3,0.428571
src/pages/api/staff/api-keys/index.ts,src/pages/staff/products/index.astro,4,0.444444
src/pages/api/staff/api-keys/index.ts,src/pages/staff/sales/new.astro,2,0.250000
src/pages/api/staff/api-keys/index.ts,src/pages/staff/settings/index.astro,3,0.428571
src/pages/api/staff/api-keys/index.ts,src/pages/staff/support/index.astro,2,0.285714
src/pages/api/staff/api-keys/index.ts,src/pages/staff/users/index.astro,3,0.428571
src/pages/api/staff/api-keys/index.ts,tests/phase12-extended.test.ts,2,0.500000
src/pages/api/staff/api-keys/index.ts,tests/staff-menu.test.ts,2,0.285714
src/pages/staff/api-code/index.astro,tests/phase12-extended.test.ts,2,0.250000
src/pages/staff/api-code/index.astro,tests/staff-menu.test.ts,2,0.181818
src/pages/staff/backups/index.astro,tests/phase12-extended.test.ts,2,0.333333
src/pages/staff/backups/index.astro,tests/rbac.test.ts,2,0.285714
src/pages/staff/backups/index.astro,tests/staff-menu.test.ts,3,0.375000
src/pages/staff/media-admin/index.astro,tests/phase12-extended.test.ts,2,0.333333
src/pages/staff/media-admin/index.astro,tests/rbac.test.ts,2,0.285714
src/pages/staff/media-admin/index.astro,tests/staff-menu.test.ts,3,0.375000
src/pages/staff/products/index.astro,tests/phase12-extended.test.ts,2,0.222222
src/pages/staff/products/index.astro,tests/staff-menu.test.ts,2,0.166667
src/pages/staff/settings/index.astro,tests/phase12-extended.test.ts,2,0.333333
src/pages/staff/settings/index.astro,tests/staff-menu.test.ts,2,0.222222
src/pages/staff/support/index.astro,tests/phase12-extended.test.ts,2,0.400000
src/pages/staff/support/index.astro,tests/staff-menu.test.ts,2,0.250000
src/pages/staff/users/index.astro,tests/phase12-extended.test.ts,2,0.333333
src/pages/staff/users/index.astro,tests/staff-menu.test.ts,2,0.222222
tests/phase12-extended.test.ts,tests/staff-menu.test.ts,2,0.400000
tests/rbac.test.ts,tests/staff-menu.test.ts,3,0.600000
db/migrations/0001_initial_v6_8a_schema.sql,src/lib/staff-menu.ts,2,0.153846
db/migrations/0001_initial_v6_8a_schema.sql,tests/staff-menu.test.ts,2,0.222222
db/migrations/0009_staff_roles_developer_auditor.sql,src/lib/staff-menu.ts,2,0.222222
db/migrations/0009_staff_roles_developer_auditor.sql,src/pages/staff/backups/index.astro,2,0.333333
db/migrations/0009_staff_roles_developer_auditor.sql,src/pages/staff/media-admin/index.astro,2,0.333333
db/migrations/0009_staff_roles_developer_auditor.sql,src/pages/staff/sales/orders.astro,2,0.500000
db/migrations/0009_staff_roles_developer_auditor.sql,tests/staff-menu.test.ts,2,0.400000
src/lib/staff-menu.ts,src/pages/staff/sales/orders.astro,2,0.181818
src/pages/api/staff/ai/generate-product-content.ts,src/pages/api/staff/api-keys/index.ts,2,0.250000
src/pages/api/staff/ai/generate-product-content.ts,src/pages/staff/api-code/index.astro,2,0.166667
src/pages/api/staff/ai/generate-product-content.ts,src/pages/staff/fraud/index.astro,2,0.222222
src/pages/api/staff/ai/generate-product-content.ts,src/pages/staff/inventory/index.astro,2,0.250000
src/pages/api/staff/ai/generate-product-content.ts,src/pages/staff/orders/index.astro,2,0.250000
src/pages/api/staff/ai/generate-product-content.ts,src/pages/staff/products/index.astro,2,0.153846
src/pages/api/staff/api-keys/index.ts,src/pages/staff/fraud/index.astro,2,0.285714
src/pages/api/staff/api-keys/index.ts,src/pages/staff/inventory/index.astro,2,0.333333
src/pages/api/staff/api-keys/index.ts,src/pages/staff/orders/index.astro,2,0.333333
src/pages/staff/sales/orders.astro,tests/staff-menu.test.ts,2,0.285714
package.json,src/pages/api/staff/api-code/index.ts,2,0.071429
src/env.d.ts,src/pages/api/staff/api-code/index.ts,2,0.125000
src/env.d.ts,src/pages/staff/backups/index.astro,2,0.111111
src/env.d.ts,src/pages/staff/media-admin/index.astro,2,0.111111
src/env.d.ts,src/pages/staff/roles/index.astro,2,0.125000
src/layouts/StaffLayout.astro,src/pages/staff/backups/index.astro,2,0.200000
src/layouts/StaffLayout.astro,src/pages/staff/media-admin/index.astro,2,0.200000
src/layouts/StaffLayout.astro,src/pages/staff/packing/courier.astro,2,0.222222
src/layouts/StaffLayout.astro,src/pages/staff/packing/packed.astro,2,0.285714
src/layouts/StaffLayout.astro,src/pages/staff/packing/slips.astro,2,0.285714
src/layouts/StaffLayout.astro,src/pages/staff/roles/index.astro,2,0.250000
src/layouts/StaffLayout.astro,src/pages/staff/sales/instore.astro,2,0.181818
src/layouts/StaffLayout.astro,src/pages/staff/sales/notes.astro,2,0.285714
src/layouts/StaffLayout.astro,src/pages/staff/sales/orders.astro,2,0.250000
src/layouts/StaffLayout.astro,src/pages/staff/sales/search.astro,2,0.285714
src/layouts/StaffLayout.astro,src/pages/staff/support/escalations.astro,2,0.285714
src/lib/staff-menu.ts,src/pages/api/staff/orders/[id]/confirm.ts,2,0.142857
src/lib/staff-menu.ts,src/pages/staff/index.astro,2,0.133333
src/middleware.ts,src/pages/api/staff/api-code/index.ts,2,0.125000
src/middleware.ts,src/pages/staff/backups/index.astro,2,0.111111
src/middleware.ts,src/pages/staff/media-admin/index.astro,2,0.111111
src/middleware.ts,src/pages/staff/roles/index.astro,2,0.125000
src/pages/api/staff/api-code/index.ts,src/pages/api/staff/orders/[id]/confirm.ts,2,0.222222
src/pages/api/staff/api-code/index.ts,src/pages/staff/index.astro,2,0.200000
src/pages/api/staff/api-code/index.ts,src/pages/staff/roles/index.astro,2,0.333333
src/pages/api/staff/orders/[id]/confirm.ts,tests/rbac.test.ts,2,0.250000
src/pages/api/staff/orders/[id]/confirm.ts,tests/staff-menu.test.ts,2,0.200000
src/pages/staff/index.astro,tests/rbac.test.ts,2,0.222222
src/pages/staff/index.astro,tests/staff-menu.test.ts,2,0.181818
package.json,src/lib/api-keys.ts,2,0.076923
package.json,src/pages/api/staff/api-keys/index.ts,2,0.071429
src/env.d.ts,src/lib/api-keys.ts,2,0.142857
src/env.d.ts,src/lib/audit.ts,2,0.125000
src/env.d.ts,src/pages/api/staff/api-keys/index.ts,2,0.125000
src/env.d.ts,src/pages/staff/api-code/index.astro,2,0.100000
src/env.d.ts,src/pages/staff/products/index.astro,2,0.095238
src/lib/api-keys.ts,src/lib/audit.ts,2,0.500000
src/lib/api-keys.ts,src/pages/api/staff/api-keys/index.ts,2,0.500000
src/lib/api-keys.ts,src/pages/staff/api-code/index.astro,2,0.250000
src/lib/api-keys.ts,src/pages/staff/products/index.astro,2,0.222222
src/lib/audit.ts,src/pages/api/staff/api-code/index.ts,2,0.333333
src/lib/audit.ts,src/pages/api/staff/api-keys/index.ts,2,0.333333
src/lib/audit.ts,src/pages/api/staff/uploads.ts,2,0.250000
src/lib/audit.ts,src/pages/staff/api-code/index.astro,2,0.200000
src/lib/audit.ts,src/pages/staff/products/index.astro,2,0.181818
src/pages/api/staff/api-code/index.ts,src/pages/api/staff/uploads.ts,2,0.250000
src/pages/api/staff/coupons/[id].ts,src/pages/api/staff/coupons/index.ts,2,1.000000
src/pages/api/staff/coupons/[id].ts,src/pages/api/staff/orders/create.ts,2,0.153846
src/pages/api/staff/coupons/index.ts,src/pages/api/staff/orders/create.ts,2,0.153846
src/pages/api/staff/orders/create.ts,src/pages/staff/api-code/index.astro,2,0.105263
src/pages/api/staff/orders/create.ts,src/pages/staff/backups/index.astro,2,0.117647
src/pages/api/staff/orders/create.ts,src/pages/staff/media-admin/index.astro,2,0.117647
src/pages/api/staff/orders/create.ts,src/pages/staff/products/index.astro,2,0.100000
src/pages/api/staff/orders/create.ts,src/pages/staff/roles/index.astro,2,0.133333
src/pages/api/staff/orders/create.ts,src/pages/staff/settings/index.astro,2,0.117647
src/pages/api/staff/orders/create.ts,src/pages/staff/users/index.astro,2,0.117647
package.json,src/pages/staff/orders/[id].astro,2,0.062500
src/pages/api/staff/login.ts,src/pages/staff/api-code/index.astro,3,0.142857
src/pages/api/staff/login.ts,src/pages/staff/audit/index.astro,2,0.111111
src/pages/api/staff/login.ts,src/pages/staff/coupons/index.astro,2,0.105263
src/pages/api/staff/login.ts,src/pages/staff/packing/index.astro,2,0.111111
src/pages/api/staff/login.ts,src/pages/staff/products/index.astro,3,0.136364
src/pages/api/staff/login.ts,src/pages/staff/settings/index.astro,2,0.100000
src/pages/api/staff/login.ts,src/pages/staff/support/index.astro,2,0.105263
src/pages/api/staff/login.ts,src/pages/staff/users/index.astro,2,0.100000
src/pages/staff/api-code/index.astro,src/styles/global.css,2,0.153846
src/pages/staff/audit/index.astro,src/pages/staff/orders/[id].astro,2,0.200000
src/pages/staff/orders/[id].astro,src/pages/staff/packing/index.astro,2,0.200000
src/pages/staff/orders/[id].astro,src/pages/staff/settings/index.astro,2,0.166667
src/pages/staff/orders/[id].astro,src/pages/staff/support/index.astro,2,0.181818
src/pages/staff/orders/[id].astro,src/pages/staff/users/index.astro,2,0.166667
src/pages/staff/orders/[id].astro,src/styles/global.css,2,0.153846
src/pages/staff/products/index.astro,src/styles/global.css,2,0.142857
package.json,scripts/build-static-snapshots.ts,2,0.071429
package.json,src/pages/api/fraud/check.ts,2,0.071429
src/layouts/StaffLayout.astro,src/pages/staff/inventory/index.astro,2,0.250000
src/layouts/StaffLayout.astro,src/pages/staff/orders/index.astro,2,0.250000
src/lib/audit.ts,src/pages/api/fraud/check.ts,2,0.333333
src/lib/audit.ts,src/pages/staff/index.astro,2,0.200000
src/lib/audit.ts,src/pages/staff/orders/[id].astro,2,0.200000
src/pages/api/fraud/check.ts,src/pages/api/staff/login.ts,3,0.176471
src/pages/api/fraud/check.ts,src/pages/staff/index.astro,2,0.200000
src/pages/api/fraud/check.ts,src/pages/staff/orders/[id].astro,2,0.200000
src/pages/api/staff/login.ts,src/pages/staff/fraud/index.astro,2,0.105263
src/pages/api/staff/login.ts,src/pages/staff/inventory/index.astro,2,0.111111
src/pages/api/staff/login.ts,src/pages/staff/orders/index.astro,2,0.111111
src/pages/api/staff/login.ts,src/pages/staff/sales/new.astro,2,0.100000
src/pages/staff/index.astro,src/pages/staff/orders/[id].astro,3,0.230769
src/pages/staff/inventory/index.astro,src/pages/staff/orders/[id].astro,2,0.200000
src/pages/staff/orders/[id].astro,src/pages/staff/orders/index.astro,2,0.200000
db/seed.sql,scripts/seed.ts,2,0.666667
.kiro/specs/staff-operations-v2/requirements.md,db/migrations/0003_staff_operations_v2.sql,2,0.666667
.kiro/specs/staff-operations-v2/requirements.md,src/pages/api/staff/orders/create.ts,2,0.153846
ZABIR_BOUTIQUES_MASTER_PLAN_v6.8D.md,db/migrations/0004_partial_prepay.sql,2,0.666667
ZABIR_BOUTIQUES_MASTER_PLAN_v6.8D.md,src/pages/api/payments/webhook.ts,2,0.222222
ZABIR_BOUTIQUES_MASTER_PLAN_v6.8D.md,src/pages/api/staff/orders/create.ts,2,0.142857
db/migrations/0004_partial_prepay.sql,src/pages/api/payments/webhook.ts,2,0.250000
db/migrations/0004_partial_prepay.sql,src/pages/api/staff/orders/create.ts,2,0.153846
src/lib/fraud.ts,src/pages/api/payments/webhook.ts,2,0.166667
src/lib/prepayment.ts,src/pages/api/checkout.ts,2,0.117647
src/lib/prepayment.ts,src/pages/api/staff/orders/create.ts,2,0.153846
src/lib/prepayment.ts,tests/prepayment.test.ts,2,1.000000
src/pages/api/checkout.ts,tests/prepayment.test.ts,2,0.117647
src/pages/api/staff/orders/create.ts,tests/prepayment.test.ts,2,0.153846
src/components/shell/Header.astro,src/islands/ThemeToggle.tsx,3,0.600000
src/components/shell/Header.astro,src/layouts/RootLayout.astro,2,0.250000
src/islands/ThemeToggle.tsx,src/layouts/RootLayout.astro,2,0.333333
src/islands/ThemeToggle.tsx,src/styles/global.css,2,0.250000
src/layouts/RootLayout.astro,src/styles/global.css,2,0.200000
